ID,Nom,Categorie,PrixAchat_FDJ,PrixVente_FDJ,Quantite,DateExpiration,PrixAchat_original_avant_correction,ProductID
1235,WELL BABY DROPS VIT 4-24M YEARS,Non catégorisé,1100,1400,19,,,1E64611A-19F8-4BAA-8CC9-00318D00A54C
458,DUPHASTON CPR 10MG BT10,Non catégorisé,950,1300,16,,,994EC9D6-BDBA-482F-B702-003B9871FE35
1335,R1229,Non catégorisé,0,550,12,,,E5392B49-0F53-4F17-AD21-008ABB671795
593,RINGER FL500ML,Non catégorisé,300,0,0,,,9681F218-16D4-43AB-9586-009522218B46
134,PEDIAKID TRANSIT DOUX SIROP 125ML,Non catégorisé,2410,0,6,,2410000,67522E0C-11CC-4AB0-A5DD-0099EB968562
452,DICYNONE (EGY) 500MG BT/14,Non catégorisé,900,0,0,,,7193EA22-82E3-4DC2-904E-00C15E682A1E
729,GLUCOPHAGE 500MG CPR BT 30,Non catégorisé,350,500,29,1/1/2029 12:00:00 AM,,AC5FDBF7-8C88-4C22-BAAC-00D8218CB79E
533,NOZINAN 100MG CPR BT20,Non catégorisé,3800,4000,6,1/2/2027 12:00:00 AM,,467B79C4-86E9-4CC3-93AA-00DFDCAC9474
898,EVOLUDERM LOTION TONIQUE EAU DE ROSE 250 ML,Non catégorisé,511,760,6,,,2F37E68F-2A0B-4607-B6FA-0115F7E84AA4
1247,BUSCOPAN 1ML INJ B6,Non catégorisé,150,200,4,,,7C1E3970-4AD9-471C-B845-0163C9BF98D4
568,SIMVA-DENK 20MG B/30 (SIMVASTATIN),Non catégorisé,1450,0,0,,,1D499EF9-229A-43F7-85FE-02079123C545
47,MAGNESIE PELL NORM,Non catégorisé,0,0,0,,,A34B3D62-6CB1-4BB0-A3D0-029AD083273F
431,BETAMETHASONE GH 2MG CPR B/20,Non catégorisé,800,0,0,,,870CE69B-5731-47D4-9CB6-029E646D93FD
1158,LIPITOR 20MG 30TB,Non catégorisé,1400,1450,3,,,9D46A1FF-F614-43DF-9B0A-02AA64AD2A10
48,METHOTREXATE 2.5MG 100TAB,Non catégorisé,0,0,0,,,CFC64828-888F-490D-B2AD-02C9286792EB
1022,MAGNESIE SAN PELLEGRINO,Sachet,1400,1500,9,,,18DE0C00-1AD5-46D2-8BF9-02EAA7EF67E2
96,EFFERALGAN EFF 500MG CPR,Non catégorisé,0,0,0,,,DF84E5E9-D27C-43CD-9142-02F4B809283F
777,NYSTASHA 100000UI CPR VAGINAL B/14,Médicaments,600,550,6,,,8C6C7CB5-30A9-472F-89E3-033262E34213
1045,CONCOR 5mg BT /30,Non catégorisé,900,1250,8,,,AF963B2C-818A-4E8A-A590-033FB61AD873
5,BETADINE SCRUB 4% FL125ML,Non catégorisé,600,650,0,1/6/2027 12:00:00 AM,,6EC45027-77B0-46FE-B8B4-035CD9E478C8
1018,BATAMETHASONE-GH 2MG CP,Médicaments,900,950,5,,,9B263E72-E7F8-4048-AA05-03661AC402DE
1271,NURAVIT 4MG CPR PELL B/15,Vitamine,900,1000,18,,,1CAA7A5A-C298-49D6-8930-036A4E693919
1052,PANADOL EXTRA CPR BT/24,Médicaments,0,650,0,,,EF42DD5B-C87E-4090-8C87-03A37A27F67F
1074,FERCEFOL CP,Non catégorisé,0,700,28,,,24AE99DB-BCFD-4803-97CB-03B16574C34B
697,OROKEN ENF.100MG/5ML FL40ML,Sirop,2750,2900,17,1/3/2027 12:00:00 AM,,5E09623A-E17F-4431-89D3-03D4B9130F0C
1255,PERFECT 5 PP BOY 240,Non catégorisé,900,1100,2,,,51F2BC20-8D5F-455A-8414-03FB1EE03B18
171,CLOTRI-DENK 100MG VAGINAL 50,Médicaments,650,750,18,,,A15256D6-7E10-4C91-B451-041D69DBE3A5
75,OROKEN 50MG/5ML SPR,Non catégorisé,0,0,0,,,66171475-7A09-42EA-8F4C-04201A4E1C8E
27,BRUFEN COLD 400MG B/20TAB (EGYPT),Médicaments,800,850,3,1/1/2027 12:00:00 AM,,B1E6EB2E-DA43-4172-AAAD-043168C9A6C6
401,ALVITYL CPR B40,Non catégorisé,1350,0,0,,,E65C58EF-F339-463F-9D4A-04F9D4E1FD4A
93,DICYNONE (EGY) 500MG BT20,Non catégorisé,0,0,0,,,E4F2ECD3-BEB8-45D3-B536-053369A7800B
50,XATRAL LP 10MG CPR B36,Médicaments,4600,4700,0,1/8/2026 12:00:00 AM,,933A7500-B71A-43BB-B8FD-055655F53A98
1288,UPSA C 1G EFFERV.BT10,Non catégorisé,400,500,3,,,0B882FAD-577E-4FE3-91CA-058E2BECE03F
709,BUSCOPAN DR CPR BT20,Non catégorisé,750,1100,11,1/12/2027 12:00:00 AM,,D25A030E-0360-41F0-BD78-05C65384A405
358,RIVACLAV 228MG SUSP 70ML,Non catégorisé,1350,0,0,,,002127AF-2AA2-41A3-B7EF-05E36DD20725
250,IBUPROFENE IG 400MG CPR/10,Non catégorisé,320,400,6,,320000,BEA3C3C0-48DA-47AB-BA8E-06F94492828F
1124,AKTIV KOLLAGEN 1000,Non catégorisé,1850,1950,4,,,559BB4EE-188B-4DD1-94AD-07C4B89051C7
836,BM TALCUM POWDER 150GR,Non catégorisé,1200,1300,6,,,A18B1A4E-795F-489C-8E8A-07DF8440C39A
669,TOCO CAPS 500MG BT30,Non catégorisé,1000,1050,5,1/12/2028 12:00:00 AM,,F400F352-2DAC-4772-96C6-07F47423BAE8
905,WHISKY BLACK OP MEN DEO. SPRAY 150 ML,Non catégorisé,525,750,2,,,453710DD-4A84-4820-89CF-080E62C595CF
1071,FERCEFOL SIROP,Sirop,0,700,30,,,1F0461EA-D928-4DDB-8292-0810B57752C1
1015,MICOZAL Ketoconazole 2% créme cream,Non catégorisé,0,600,16,,,553EBCB3-6333-41E8-888C-08196C41CC8C
1197,SEPTIVON 1.5% CUT FL250ML,Para-médical,0,900,3,,,B6FAA90F-E592-4DA8-97CB-085BD0E4B675
1020,VISCERALGINE 10MG/5ML,Non catégorisé,800,0,0,,,7A56CCFF-691C-4711-8706-088A8B465210
926,CYBELE 200 BATONNETS OUATES 100 /o PURE COTTON,Non catégorisé,256,380,42,,,09012E4B-A67E-4441-B4D2-08E301BF5EBD
353,ALVIR CR 5% T/5G,Non catégorisé,1250,1350,4,,,3DE35793-0791-4823-AAD2-090575722DF2
1121,AKTIV COENSYME Q10,Non catégorisé,1450,1550,3,,,48D5254E-C7DE-45CD-AB71-09AB65233347
1023,CLINDA T 30ML,Dermo-cosmétique,860,960,17,,,372895B2-BDA3-4C49-BF50-09C116780B55
574,TENORETIC 50/12.5MG CPR B/30,Médicaments,1750,1850,4,,,6595880A-1A8B-4E42-A2EC-09D613D1B0BB
870,BPH CREME HYDRATANT VISAGE & CORPS POT 250ML,Non catégorisé,596,880,12,,,26353394-FA64-4F05-B624-09D730083213
113,TETANUS ANTITOXIN 1500 I.U 1ML,Non catégorisé,800,900,36,,,9725F908-61DB-46F1-8D03-0A22EF823F43
525,MOPRAL GELU 20MG BT30,Médicaments,2100,2000,20,1/8/2026 12:00:00 AM,,914E00FB-864A-4F69-82B3-0A35D9851C4B
64,FLUIMUCIL 2MG/5ML SP,Non catégorisé,0,0,5,,,B70EBCA4-2027-4917-AADD-0A5AAE9BF5A3
1212,HAMAZINC CREME 30MG,Crème,520,650,10,,,457D9281-C93F-4917-A1C6-0A70790FDEE9
177,FUCIDINE 2% CRM TUB 15G,Non catégorisé,750,0,10,,750000,A340285F-2951-41A1-94CD-0A7FD991A3AF
1048,BETNOVATE KREM 30mg,Non catégorisé,900,1000,4,,,6726BB07-E7F3-4445-8D7A-0B1F47AD4050
509,KEPPRA 500mg,Non catégorisé,3500,3300,9,,,516D831C-F836-464F-8026-0B4B34539CBD
1026,SALI FINE,Non catégorisé,750,850,30,,,A9EE9AA9-618D-4E84-A76E-0C034CB9E859
1172,on call plus,Non catégorisé,0,1200,2,,,43A362E0-C324-43EE-8527-0C73742248C0
605,PLAVIX 75MG 28TB DR,Non catégorisé,1600,1700,7,,,8036DB2D-9B2F-44DB-9D50-0C79FA8531F6
795,ECONAZOLE MYLAN 1% CREME 30g TUBE/1,Non catégorisé,660,700,3,,,C3F8020B-94E7-4BE3-BA7B-0C8A132F8D58
309,ULTRALEVURE 100MG SUSP BUV S20,Suppositoire,2800,2950,9,,2800000,6E08DB0D-5ACA-4E4D-BB40-0C9D7E9FC364
1062,fucidine merhem,Pommade,0,800,0,,,C2FF8A73-E330-4007-AF01-0CA661F7DA14
17,BRONCATHIOL SIROP ENFANTS FL125ML,Sirop,700,750,8,1/1/2027 12:00:00 AM,,8AF0B247-B853-49F4-9FF5-0CD2465E2D01
589,XATRAL(DN) LP 10MG 30TB,Non catégorisé,1100,0,0,,,892CC36B-936B-41F3-A245-0CE8E5C661AD
1058,osseovit,Non catégorisé,0,1150,4,,,9EF733AD-0600-420E-9823-0CF63FEEA8A2
301,ANTIBIO SYNALAR SOL AURIC 10ML,Non catégorisé,750,0,3,,750000,8D16EEA5-A42B-43B5-8F87-0D0427A3B756
1309,CHICCO LINGET,Para-médical,0,900,18,,,1B808B45-B775-44BB-9F0F-0D08509AA09F
667,BICARBONATE DE SOD 250GR,Médicaments,450,500,7,1/1/2029 12:00:00 AM,,6B396017-661E-4A4C-B8E4-0D3823414956
638,GEL LARMES 10 G,Médicaments,1100,1200,4,1/4/2028 12:00:00 AM,,1E1E3943-9921-4324-92D3-0D43188246A4
1049,KLOMEN 50MG  10 TAB,Non catégorisé,1200,1300,3,,,B9EB0E30-7C09-4FBF-9F23-0DFBCD88EE15
180,OSMOSOFT 50G PRES,Médicaments,690,830,5,,,0A036775-87B3-498F-9740-0E2168431073
120,METRONIDAZOLE INJ 500MG/100ML 100ML,Non catégorisé,350,0,12,,350000,F7F4C4B4-96F0-411E-A403-0E4091438168
640,NURABOL 4MG CPR B/30,Médicaments,850,900,19,1/10/2027 12:00:00 AM,,B15CDA63-3AF3-43ED-A60C-0E633955492B
33,PRIMOLUT-NOR 10MG CPR 30,Non catégorisé,1250,1550,3,1/1/2030 12:00:00 AM,,803299C6-EB3D-4DB5-8154-0E836514DEC7
785,DOPPELHERZ AKTIV IMMUNO VITAL TAB/30,Non catégorisé,1270,1350,2,,,737DD7EC-3857-4EE3-8C2D-0EAB02522620
693,DOLIPRANE SUPPO 100MG B10,Non catégorisé,420,500,7,1/4/2028 12:00:00 AM,,3A226BCD-937F-4AB6-8515-0ED179AFA6ED
103,GLUCOPHAGE 1000MG CPR,Non catégorisé,0,0,0,,,56D49DC9-BBC8-4737-845B-0EDFF7D48321
1155,TEGRETOL SUP 100 MG 20TAB,Non catégorisé,1050,1150,9,,,B26730A0-62E2-4633-8866-0F1964B340D8
99,FORXIGA 10MG TAB BT28,Non catégorisé,0,0,0,,,AF063A9D-3677-4E0B-8FFB-0F3558A73BDE
240,OMEPRAZOLE MYLAN FLACON 20MG BT/28 GELULES,Médicaments,1150,1200,74,,,9114ABCD-58F1-405D-AB27-0F4524F9585D
1130,AKTIV OPTIMAL EYES,Non catégorisé,2650,2750,2,,,21EAFE06-513B-48B0-BA02-0F5132616FFD
14,CLARIVER TOUX NOCT adult 150 ml,Sirop,1300,1450,2,1/11/2026 12:00:00 AM,,F856139C-B4BD-43CA-A18F-0F817F3783F7
1125,AKTIV JOINTS 1200,Non catégorisé,1950,2050,1,,,5553A2F3-C154-44F5-9260-0FB54740EA29
904,3 ANNEAUX SAVON DE MARSEILLE BEBE 100GR,Non catégorisé,134,200,24,,,A56DD439-FE04-45FC-9062-0FDAB0734F5C
494,HYTACAND 16MG/12.5MG CPR B/30,Médicaments,2000,2350,9,1/8/2026 12:00:00 AM,,FEF051FA-2D8A-4E7B-81C9-0FF0B0EE0496
229,BONCIPRO 500 MG CPR B/20,Non catégorisé,1500,0,4,,1500000,0EDC2E63-5238-4ADA-81CD-1003DDC236B1
1094,CHICCO 4+ PHYSIO,Para-médical,1200,1300,4,,,DF17AAF7-7C97-4D2C-A763-102BFD2479FB
66,NURALGIL SP FL125ML,Non catégorisé,0,0,0,,,8A5A5266-0234-460C-9282-1064FAA2F569
1217,NIDICARD 10 MG 30 KAP (NIFEDIPIN) DR,Non catégorisé,750,1100,4,,,BA27AB89-CC74-4AD4-8515-1070F972585C
827,FBOTTLE PERFECT EASY PP 150 SLOW UNI SIL,Non catégorisé,1772,1880,6,,,7F021096-E5CF-4FD0-ADB9-107309C2B550
191,BETADINE SOL DERMIQUE125ML,Non catégorisé,520,600,4,,,368965D2-8421-4CA2-9108-1073BCECE01C
723,DOLIPRANE EFF 1G B/8,Non catégorisé,400,450,0,1/11/2026 12:00:00 AM,,9AB541D0-0162-4E9F-B535-108DE69F0F08
471,ENTAMIZOLE SUSP BUV FL100ML,Suppositoire,850,1000,28,1/6/2027 12:00:00 AM,,3459C111-6B27-4286-89F1-10937DC085AB
1281,FURADANTINE 50MG GELU BT21,Non catégorisé,1050,1150,15,,,2F53716F-7E82-460F-813D-10A184727593
1305,VEINOMIX FORT,Vitamine,0,3100,2,,,DC6F679D-01B1-4E6E-9598-10A1A03CB544
921,COLGATE DENTIFRICE MAX FRESH CLEAN MENTHE 100ML,Non catégorisé,424,600,3,,,FA9F1185-D93E-49D2-B73E-10B2BE39E604
65,FLUIMUCIL AD FL125ML,Non catégorisé,0,0,10,,,2C8652D3-1923-457F-84EE-10DB83F6C5B5
140,DOPPELHERZ OMEGA-3 FOLIC ACIDE + B6 + B12 30CPS,Non catégorisé,1540,0,3,,1540000,F45FE9E0-E816-475A-8673-10EC6997E20E
477,FLAGYL 500MG CPR B 14,Médicaments,600,1100,51,1/6/2027 12:00:00 AM,,E9866577-EFD2-4053-BADE-1142F64AAA74
223,MASK 3PLY BLACK B/50,Médicaments,500,550,0,,,4A7117EE-6EDD-43B9-92FD-11644DDAB887
1140,labell spradra,Para-médical,0,150,0,,,AD83A58F-FEBB-49C8-81AA-118C646E4BEE
139,BT/60,Non catégorisé,0,0,0,,,F0DF7881-CE47-4FE3-9A78-11BEB08BE69D
119,MEGAMYLASE 200U SIROP 125ML,Non catégorisé,780,0,10,,780000,F4CCB588-9C1C-44B0-8C17-11E5ABC0AC6D
122,MEGAMLASE SP 125ML FR,Sirop,800,1200,10,,,64AAB5F2-1949-4CF1-B3A2-11EC91D2E941
1327,R7703,Non catégorisé,0,900,12,,,55FE1E94-303E-4E7D-A9F3-1214FAC010F5
441,BETASTENE 2 MG CPR DISP BT/20,Non catégorisé,1100,1150,10,,,9CB2B551-BCE3-42E8-8E4D-125507B7847A
1298,twinzol,Non catégorisé,0,2480,4,,,7547FD59-3229-4656-B9D6-12735F1AEC93
567,SERETIDE DISKU 500/50MCG 60DOSES FR,Non catégorisé,4300,4500,5,,,92C4AA8C-189F-46B9-B14F-12F2177B921E
165,DOPPELHERZ AKTIV C 1000+D3+ZINK DEPOT TBL 300,Médicaments,1150,1200,3,,,026C25B4-847C-409B-AFC6-13223244790A
587,VISCERALGINE SIROP FL150ML,Sirop,550,700,7,1/4/2027 12:00:00 AM,,0EDCA8D5-4A2D-48DE-8366-1328867BAF32
1184,BERAZIN 15MG 5ML SIROP,Sirop,850,950,39,,,E88B5F89-9593-4888-AA44-135620B5CC07
557,POLYDEXA GTTES AUR. FL10.5ML,Non catégorisé,700,800,3,,,BEC80838-5A9D-474D-81D1-1357C34AB80D
1096,CHICCO 2-6 M PHYSIO  FORMA,Para-médical,1060,1160,7,,,52027413-6F2F-47E9-B837-137DC4638CCD
1028,PANSORAL ORAL CARE,Crème,1950,2050,1,,,76EB5351-7612-4303-97DD-13D6CE1359DE
281,NAVIDOXINE CPR B/10,Médicaments,600,900,16,1/10/2028 12:00:00 AM,,883395FB-FFE6-4524-95E8-141A3426EA15
953,navidoxine 25mg 10 cpr,Médicaments,850,0,0,,,2EC83786-1517-4689-8C32-141B25FF604C
373,OSTEOCARE LIQUID200ML,Non catégorisé,800,1100,19,1/6/2026 12:00:00 AM,,961BF839-1C97-4477-BAC3-14A40DCF1995
466,EFFERALGAN EFF 500MG CPR B16,Non catégorisé,450,500,184,,,553D3BCA-EA4C-45F2-A174-14A65B992BE1
1334,R7543,Non catégorisé,0,900,12,,,A4390EFF-DB56-4C21-A146-14EABFD525CC
1322,MUCOMYST 200MG 18 SACHETS,Non catégorisé,850,950,10,,,E1DAC19F-1903-414B-BBEF-14F99AD42D42
1000,BANDE GAZE LÀBELL 3M*10CM BOITE DE10,Non catégorisé,770,870,2,,,943152F3-4CC5-4233-B5B2-157549C8D657
151,DOPPELHERZ AKTIV IMMUNO VITAL TAB/30,Non catégorisé,1270,0,2,,1270000,4C249C1B-720B-4B6A-B64D-158240E1AB6B
660,LOXEN 20MG CPR SEC.BT30,Médicaments,1400,1450,10,1/7/2026 12:00:00 AM,,11168388-0406-405B-98E9-15870C6D39C7
692,COQUELUSEDAL SUPPO ENF B/10,Non catégorisé,650,0,0,1/7/2027 12:00:00 AM,,4229BA00-CBAE-4F8F-9215-16074F507DD7
952,GEL BUCCAL ADULT TUB TUB 15G,Médicaments,1990,2120,3,,,0D4EC48C-878B-4ECB-B190-161F8CB0D069
615,TENORMIE 50 MG CPR BT30,Médicaments,1250,0,0,,,E858EB5E-27A0-4C68-A05E-16B7665B8992
83,BACTRIM AD CPR BT20 (FR),Non catégorisé,0,0,0,,,C69DD0B5-F94A-4803-A2C2-16BB1A60041F
556,PLAVIX 75MG CPR B/30 (FR),Non catégorisé,3800,0,0,,,79CB73C2-45CB-49E7-BB5F-16D606A7D26C
975,"DIGOXINE NATIV. 0,25MG CPR BT30",Non catégorisé,750,1200,10,,,365E1E37-86D5-4D7B-AB31-171116271559
928,MONSAVON SAVON AU LAIT 100 GR.,Non catégorisé,126,180,12,,,B4E5C86B-DD2B-4F6F-AD36-172A8ADB371E
1232,OSTEOCARE ORGINAL 30TABS,Non catégorisé,790,950,12,,,756A2EC4-05F4-4AAA-8578-17326C6B3B5B
745,VERMOX 2% SUSP . FL30ML,Sirop,600,750,28,1/3/2027 12:00:00 AM,,6C909358-684A-4C6E-A88A-1782869F98B1
718,LARGACTIL 25MG CPR BT50,Non catégorisé,950,1000,0,1/7/2027 12:00:00 AM,,8A0E34CD-9CBA-4D64-A64E-1794C01D2D21
279,XILONE 5MG/5ML 100ML,Non catégorisé,900,950,2,,,1F8D4970-1466-4EF1-867E-17A947F81737
981,ADIARIL PDR SACHET 7G B/10,Sachet,2000,2500,0,,,852B54B6-979B-486D-8195-17DB3BE957E8
954,ADIONE 10MG 10 CPR,Médicaments,860,950,10,,,51992D87-F3C9-4BD3-A263-1818884FC80C
774,POLYFRESH 0.2% COLL F/10ML,Collyre,1300,1650,14,,,778CF637-26C6-4EB8-9C79-1838DC0A9964
1202,VOGALENE SUPPO SEC 5MG B/10,Suppositoire,450,550,8,,,CC9A9C71-AF7C-4107-914E-184C50E92CB9
967,HALDOL DECANOAS INJ 1ML BT1,Para-médical,1050,1350,9,,,4211C0F8-8004-42BE-83FF-184D8DBC4D75
475,FEBRILEX+SIROP150ML,Sirop,550,700,10,1/8/2028 12:00:00 AM,,DF8801E9-B83E-401F-81FB-188FC0615A0B
1134,AKTIV RIBOSAN COUGH SYRUP,Sirop,2000,2100,3,,,DE150BED-630D-48BF-9876-18A1AF1363D4
234,BACTRIM 400/80MG TABLET 302,Médicaments,1250,1300,0,,,3CE9C221-CB18-4138-97C2-18B98E36479A
375,DIFAL 1% GEL TUB 50GR,Crème,250,600,0,1/1/2028 12:00:00 AM,,4004DFBE-9043-473D-84B0-18F0C139C514
389,CLARIL 500MG B/14 CP,Non catégorisé,1550,2150,0,1/4/2027 12:00:00 AM,,9A261021-5503-4E6A-8AAD-18FE1502882A
504,JUVAMINE MONO VIT C 1000 EFF B/15,Vitamine,550,600,2,1/4/2028 12:00:00 AM,,4FAFC5EA-0269-42DD-9998-19174CABBF00
515,LEVOTHYROX 25MG CPR BT30,Médicaments,200,350,14,1/7/2027 12:00:00 AM,,BF2A4CE1-7CCB-44C5-805B-192759AE8290
1254,PERFECT 5 PP GIRL 240,Dermo-cosmétique,900,1100,2,,,7306E233-3655-4A57-911B-192B1B98AA39
408,ANAFRANIL SR 75 MG TAB B/30 ( DR),Non catégorisé,1200,1800,6,,,BB81DC96-6A57-41F9-9CE1-194EC70D5370
858,BPH. FAMILY SHAMP. 2EN1 PAPAYE TT DE CHEV. 750ML,Non catégorisé,591,890,6,,,D8DFF6C0-8381-4AFB-AAF0-19778AB5BB80
832,TEATS PERFECT 5 0M+SLOW SIL 2PCS,Non catégorisé,1364,1470,6,,,7D96BBC7-6558-4A8D-9102-19A896697A9F
337,CHLORIDE DE SODIUM 500ML (SN),Médicaments,1350,450,60,,,EA9112B6-AC42-439A-98E0-19D61D932B12
831,BOTTLE WB PP YELLOW GRL 330 FAST SIL,Non catégorisé,1727,1830,12,,,A5228AE9-BEF8-40EB-BE61-19DBCA186584
230,CIPRO-DENK750MG B/10 CPR,Non catégorisé,2290,0,4,,2290000,F329F169-C0D1-4C96-BAC5-1A725277A870
864,BPH SERUM ILLUMINATEUR VITAMIN C 40ML,Non catégorisé,1212,1800,6,,,B40B7AD2-6837-4495-A123-1B193420E7DC
206,COMPRESS STERIL LABELL 40X40 BT10,Non catégorisé,470,0,5,,470000,33500C78-8D14-4EF4-A574-1B760F63478B
1152,DICLOMEC 3ML AMP,Non catégorisé,200,250,19,,,D257811E-0897-45CA-AAE7-1B8CB414C0B0
1312,CLARITYNE 10MG,Médicaments,0,1000,28,,,6871DD6A-F751-4DEA-929B-1BB97A027B79
214,DUPHALAC SACH DOSE 15ML BT20,Non catégorisé,930,0,3,,930000,261B1362-12BC-4672-B117-1CB26D3A7967
448,CLARIVER TOUX NOCT ENFTS 150ML,Non catégorisé,1550,1350,3,,,93F173DB-D7F0-42C8-B600-1CCE34BBDEEC
616,TENORMIE 100 MG CPR BT30,Médicaments,2400,0,0,,,D871910A-9B2B-4C79-9350-1D1EEB18D3E6
959,MASK 3PLY B/50,Non catégorisé,450,500,4,,,29FA66CE-2B39-4082-B1FA-1D80D47D523D
1192,HYDRAVIT SACHET,Sachet,0,2000,9,,,4E7CD3AD-E215-4B56-95AE-1D90470D921E
306,"CARDENSIEL 2,5MG CPR  B/ 30",Médicaments,1150,1300,5,,1150000,1E6A21EB-69E5-4980-ABA7-1D962240A67F
580,1,Non catégorisé,100,0,0,,,5B276715-B44A-4B35-BE7B-1DFFAB63EF53
1342,SLEEPY CAMOMILE,Non catégorisé,0,400,12,,,1654081F-C40E-4BC7-B141-1E20C6702DFF
379,MUCOCIL SIROP ENFFL125ML000,Sirop,500,550,24,1/1/2028 12:00:00 AM,,E5946534-1BBE-4B8D-A829-1E589B7364E2
1122,AKTIV VITAMINE FOR DIABETICS,Non catégorisé,1200,1300,0,,,413747D4-F76C-466D-BDD3-1E5C10CD611F
454,DOLIPRANE 150MG 12SACHET,Non catégorisé,450,500,10,,,AE32CAC9-E660-4B9A-A409-1EA66CD9BF2C
614,LOSARTAN /HCTZ 50MG/12.5MG MYL 28 CPR,Médicaments,1200,1350,10,,,52E5333F-BB38-4B8A-B5B9-1EDB8BC950E7
1231,IMMUNACE ORGINAL 30CAP,Vitamine,1400,1800,10,,,613AACC4-7E55-4A28-8908-1F0D1C21ECEB
100,AMLODIPINE MYLAN 5MG,Non catégorisé,0,0,0,,,E4E4520E-8047-4125-9578-2013DD808412
973,ACIDE FOLIQUE CCD 5MG BT 20,Vitamine,500,650,25,,,99A0EC80-694F-48EA-90ED-2041D8F1B0D5
388,PERVITAL SUSP BUVFL125ML,Sirop,350,650,40,1/10/2027 12:00:00 AM,,0CFACC8F-A57D-4B29-89FB-207834239150
395,ACTIMAG SOLUTION FL100ML,Médicaments,1250,1350,8,1/2/2027 12:00:00 AM,,23097887-EFC0-43BF-988A-20C541CED596
104,GLUCOPHAGE 850MG BT30,Médicaments,1000,1100,35,,,3231E042-7276-4863-9438-20D92D30C965
1304,EXXIB CELECOXIB,Non catégorisé,0,1050,8,,,38B25381-4963-48C7-B4CD-20E035662921
73,CROQ/30,Non catégorisé,0,0,5,,,19FF1825-DD78-48AE-B93A-2120160D962C
1272,BIOHEALTH  COLLAGEN PWD 10MG 20 SACHET,Non catégorisé,2900,3000,9,,,650B8DF5-BBA4-4986-AD8F-21A70DDDE878
208,ASCABIOL LOTION 125ML,Non catégorisé,1300,1300,10,,,8DBC591E-613C-4C3C-A86A-21CC8EA39B88
32,AMARYL 3MG 30TB,Médicaments,800,1000,6,1/12/2027 12:00:00 AM,,9DE77CF2-21A7-4137-9DD9-21E5C8151BE3
102,B30 FR,Non catégorisé,0,0,0,,,5F0274ED-526D-4A85-A9B2-21E781BDD51C
423,AUGMENTIN PDR NOUR 100 MG,Non catégorisé,1150,1050,27,,,E28983DA-97A2-4753-8961-21F07F31A77F
554,PHENERGAN SIROP FL150ML,Non catégorisé,650,0,0,,,FBF6E40B-76C7-4B8F-9541-223A0A3A5BDE
801,FUSIBACT 2% POMADA TUB 15G,Pommade,700,800,3,,,CBA17231-0628-42A3-980F-224FEE91625A
672,APEXIME 250MG CPR B/6,Non catégorisé,1550,1600,0,1/4/2027 12:00:00 AM,,FD147FC7-AFC0-4341-8899-225858C4DAA1
282,ADIONE 10MG/10MG CPR 10,Non catégorisé,860,0,4,,860000,F5F68ED2-3CB2-487C-85FD-22F1BE6E3526
53,METPAMID BT30 DR METOCLOPRAMID,Médicaments,550,750,20,1/11/2029 12:00:00 AM,,93B4FEEC-1DCB-4D30-B394-23284C9B2472
79,HEXASPRAY COLLUT 30G,Collyre,950,1050,5,1/4/2030 12:00:00 AM,,740D683F-AF01-4EF2-9241-2362CA3824D6
1229,TARRAMYCIN(TETRAYCILIN OPTH),Collyre,950,1050,5,,,DF39AAAA-8DE3-490D-8C03-239D1C687FE0
1243,JOINTACE ORIGINAL 30TAB,Vitamine,1450,1550,14,,,39223333-6D9B-4A23-9461-23AB448EA9B4
1303,DORZOLAMIDE / TIMOLOL 20MG/ML +5ML /ML,Collyre,0,2600,2,,,A81815EC-F7B2-404E-B0E7-23DB8113E09C
876,FW ORIGINAL GLUTATION LAIT SOOML,Non catégorisé,2816,2950,2,,,42F993CB-5627-42B8-AC44-23E08F82370A
950,LAMALINE VIATRIS 16 GELULES,Médicaments,700,750,5,,,D0DA51F3-458D-4466-8667-23EB48E2DF51
498,IXINE 200 MG  B/10 TABLET ( OROKEN),Non catégorisé,1100,0,0,,,5364D6AB-39D1-47EF-AAE9-24158340B1EC
766,UROREC 4MG GEL B/30 KAP DR,Médicaments,1700,1800,5,1/4/2028 12:00:00 AM,,FAC366F4-30A9-462A-ADA0-245DD7346A01
1203,TRILLERG COLLYRE 0.4MG/0.5ML 10ML,Non catégorisé,790,1200,5,,,DDFF717C-AC41-45AC-A102-24C8E85D6B68
1245,JANUVIA 100MG 28TAB,Non catégorisé,2800,2900,3,,,2B4DBFC3-E581-42E1-A257-24F7AC4D6897
855,BPH LAIT CORPS GERME DE BLE SOOML,Non catégorisé,1010,1500,6,,,34AE1E9A-15FC-412E-AAC1-251D6DE995E0
1186,HUIL DE PARAFINE COOPER 250ML,Sirop,1200,1350,5,,,A9B0B163-AF37-4D24-A58B-2548DB584E17
1333,R6263,Non catégorisé,0,750,12,,,481CBBFA-DC90-4C67-9419-254F424C4BDD
1111,coveram 10/10,Médicaments,0,1700,2,,,F9D05AE7-EC8F-483C-884A-25A45BEE9E9A
763,TOPLEXIL SIROP FL 150ML,Sirop,800,850,0,1/5/2028 12:00:00 AM,,AF01D8E2-0F58-4F4B-8782-25EC2125A083
601,SERINGUE 10 CC 21 G  (DR ),Non catégorisé,40,100,150,,,9948C4F4-F049-4831-B059-260F4C86D0C4
686,FEROGLOBIN B12 30CAP,Non catégorisé,770,900,0,1/1/2028 12:00:00 AM,,A3F8D1D2-34B7-4F60-BC87-264620E1E0E3
823,ADVIL CPR 400MG BT20,Médicaments,700,850,0,,,354D2FF7-BBB9-4752-B046-26D5FD2E34EC
813,DITROPAN 5MG CPR BT60,Médicaments,2020,2100,2,,,DE87E0E4-B230-4B05-92EB-272A63664ECE
241,ATARAX 25MG CPR B/30,Non catégorisé,620,0,4,,620000,70221600-C5C7-43D1-868A-27517F9E0CD2
416,ASTAPH 500MG GEL B/12,Non catégorisé,1250,1350,51,,,57C00FB8-10CC-41D0-BD26-27AD137FCB64
1053,PANADOL 500 MG ADVANCE CP B/ 16,Médicaments,0,500,0,,,4D1CAC5A-4D15-479A-8293-28571D2B43BB
158,PEDIAKID OMEGA 3 SIROP4,Sirop,2410,2510,2,,,C7AF006E-8AAD-46D9-9847-285F5C8058C2
1207,OFUSIDE COLLYRE 0.1% 5ML,Collyre,950,1300,9,,,4A65B5C7-1725-4CBF-A8F4-286EEC2AAB5C
560,RHINATHIOL PROM. SPR FL125ML,Non catégorisé,1050,1000,10,,,4432C2D5-2D5F-4FDE-AEE2-287F40713CE3
1196,SENSODYNE SOIN COMPLET 24 H T 75ML,Non catégorisé,650,800,18,,,63C061B8-FFA7-49AB-8DF3-28C119C71A78
439,CALSOURCE 500MG CPR EFF B/20,Non catégorisé,700,0,0,,,1BF6643E-5148-40FC-9406-28D51A01C3E7
349,CLAMOXYL 500MG BT/12,Non catégorisé,500,0,0,,,D54B6464-85E1-4DE6-B237-28D7EE08A243
732,AMLODIPINE ARROW 10MG CPR B/30,Non catégorisé,900,1000,19,,,8992BEE9-E369-4EC7-9FA4-28E9434DEAF2
406,AMLODIPINE ARROW 5MG CPR B/30,Médicaments,1000,1000,4,,,A7FAC408-EB9B-4D89-B9B8-28EF88C5A197
1234,WELLBABY DROPS VIT D3 30ML,Sirop,1040,1300,7,,,1F8757DB-BF0C-4707-9073-2907A9F3C3BA
270,AURICULARUM PDR+SOL AURIC 10ML 15,Non catégorisé,2400,2500,3,,,4FE14E6D-110C-4B8D-A73E-291C34587C9F
1091,CHICCO GOUPILLON POUR BIBERON,Para-médical,1320,1750,6,,,50D9E6F7-F778-4940-A6B4-293B543A2226
949,COLLYRE 1% FL 3ML,Non catégorisé,1320,1420,2,,,31910C8F-D409-44C5-B7F7-2973DB3512A1
342,AFTAGEL TUBE DE 15MLPOMM,Non catégorisé,1050,1650,11,,,9A68F2BA-9D7C-4929-ADCD-297EA222E5A7
710,OXYBOLDINE CPR BT24,Non catégorisé,900,1000,0,1/2/2028 12:00:00 AM,,344C8A8A-0D56-4F97-BF84-297FF05B7F05
1005,DOPPELHERZ AKTIV A Z MULTIVIT +MINERALIEN 15EFF,Non catégorisé,1020,1120,0,,,2DD04311-2307-472F-9D06-29BC9577E86B
468,EFFERALGAN SUPPO 80MG NN.  BT10,Non catégorisé,350,450,11,,,0F290FF4-E122-4106-A567-29DF931E62B2
636,TAVANIC 500MG 7TB DR,Médicaments,1450,1700,7,1/3/2028 12:00:00 AM,,E2DD78E3-B1E6-4377-AE12-29E16E03BB21
116,LANTUS SOLOSTAR 100IU,Non catégorisé,2750,2850,2,,,DE36DA59-A1C0-4601-B63F-2A1673161844
844,DISINFECTANT MULTI PURPOSE 0 m+,Non catégorisé,1409,1510,12,,,9BA28D14-6FD1-45D1-839C-2A2219604A98
425,AZITRO 250MG 6TB DR   AZITHROMYCIN,Non catégorisé,800,0,0,,,EE7B2464-00A4-4AEC-9CC3-2A45FA7501D9
912,EVOLUDERM DEO FRAICHEUR ALOE VERA 24H 200ML,Non catégorisé,504,750,6,,,5AE9B3F1-EAEF-4AF8-87A4-2ABBC8A33FE7
1107,NEUROGIL 75MG CPR B/20,Médicaments,2700,2800,6,,,B7EDFACB-2C9E-440F-8624-2AC2D72A6565
1160,SEAFINE,Para-médical,0,850,22,,,14F7C7C1-ABA7-43B9-9574-2AF229A0A2C5
581,TOPLEXIL SOL BUV S SUC FL150ML,Non catégorisé,1950,1100,30,,,7CADF6FA-8403-4541-AB25-2B20DFA73685
426,AZITRO 500MG 3TB DR  AZITHROMYCIN,Non catégorisé,800,1100,7,,,4A5CF279-4DD0-4BE8-AB42-2B20F3B79FBB
507,JUVAMINE VITC 500MG A CPR EFF/30,Vitamine,950,1000,0,1/6/2028 12:00:00 AM,,852EC71A-E0B5-4C0D-978E-2B461FF83381
739,MOTILIUM SUSP BUV FL200ML,Sirop,750,800,3,1/12/2026 12:00:00 AM,,25B0FD23-2041-43F0-BBF3-2B51ADE2D09B
767,UROREC 8MG GEL B/30 KAP DR,Non catégorisé,1600,1700,10,,,D89F9502-4C07-488F-A92F-2B626E9F3FF2
506,JUVAMINE VITC 500MG A CPR CROQ/30,Vitamine,920,950,0,2/2/2026 12:00:00 AM,,DB35DEAD-F4A3-43A7-9143-2B633035CDA9
937,BPH BAUME A LEVRES PROTECTEUR SPF30 BLISTER X2,Non catégorisé,525,780,6,,,A495BB18-6477-4F42-9497-2BB58149D079
896,EVOLUDERM EAU MICELLAIRE VIT.C SOOML,Non catégorisé,841,1250,3,,,10CA1D99-3C00-4BC0-877D-2BC52A921AE8
338,DOLIPRANE 500MG CPRBT16,Non catégorisé,380,450,50,,,524E56A8-10D2-48E9-8344-2BE7035FB3A9
625,SEDORRHOIDE SUPP.BT8,Crème,900,1050,11,1/3/2027 12:00:00 AM,,00EB03DB-3CDA-443A-8EE9-2C12C67D1CB7
287,MIXTARD 30 100UI/ML FL 10ML,Non catégorisé,1400,0,10,,1400000,62D0D2A4-361D-418A-8758-2C484A1C9045
964,CIPRO-DENK 750MG B/10 CPR,Non catégorisé,2290,2350,2,,,783FB3DF-F036-4642-BA97-2C55952370AF
1338,SLEEPY STRAWBERRY,Non catégorisé,0,400,12,,,F88FD656-6773-47A4-AE2E-2C66CA2640D6
711,MAALOX A CROQUER BT40,Non catégorisé,700,750,0,1/7/2028 12:00:00 AM,,8BC8B184-FAEB-4929-A78F-2C784E3F6D5C
354,RIVAMOX  500 MG  20CAPS,Non catégorisé,450,0,0,,,9345DECE-2E96-4BA7-B211-2C8F920C4409
1035,RICHFER PLUS SIROP,Sirop,0,1150,1,,,AE379593-F368-4935-8D93-2CA3A60539EA
1066,BOITE PEEL HERE,Non catégorisé,0,100,74,,,E8D5E354-5185-456A-9565-2CB9A9016104
451,DIAMICRON MR 60MG 60TAB DR,Non catégorisé,1350,0,0,,,14A70AF0-857D-4195-9FC0-2CD062262D02
135,SPARADRAP LABELL PERF 5MX18CM,Para-médical,2500,2600,5,,,EEB9A635-E7FC-4253-AD40-2CD085CB60AD
363,NEOMOX 125 MG PDR60 ML ( CLAMOXYL )0,Non catégorisé,280,450,0,1/7/2026 12:00:00 AM,,0D529AA2-4F3D-411F-94AC-2D1E567270BE
72,UVAMINE FIZZ 1G/1T + 7MIN/30,Non catégorisé,0,0,5,,,15F98049-8618-4CFD-B644-2D678101C402
352,OMEPRAZOLE CRIST 20 MGBT28,Médicaments,850,1050,0,,,F9C25256-67FC-4111-A9D4-2D74697384F2
635,TAVANIC 500MG 7TB DR,Médicaments,1450,1550,0,1/12/2027 12:00:00 AM,,B653C481-0B7F-4519-B3BA-2D7AD1890BCB
1108,APRANAX CPR SECA  550MG B/16,Non catégorisé,900,1000,5,,,ABBCD25A-2AF4-48B7-B40E-2D8910B8B023
497,IXINE 100 MG ENFANT(OROKEN),Non catégorisé,1050,0,0,,,AC162258-476B-457A-ACFD-2E140D44C292
343,OTRIVINE 0.5% ENF GTEFL/10ML,Non catégorisé,400,500,10,,,B70D8F79-81C5-4EE3-887E-2E3F844E7989
217,BEMIKS KOMPOZE 2ML 5AMP,Non catégorisé,700,0,2,,700000,81F34932-079B-4B22-BA90-2E48444358DE
741,CROSSCAL 500MG/500 CPR,Non catégorisé,1150,1350,10,1/11/2027 12:00:00 AM,,59C3E06C-8747-44FC-BC93-2EC488978BB4
744,TARDYFERON 80 MG 30 DR,Médicaments,800,1050,8,1/8/2028 12:00:00 AM,,ED5F129E-280D-491E-B27F-2F05C55B8600
527,NASONEX 50 MCG NAS 120  DOS FL1,Sachet,3850,3950,4,1/12/2027 12:00:00 AM,,C91B79A6-E7C5-4E84-8BB2-2F9737D2E582
906,BPH DEO. ROLL ON MEN 48H GROOVY PARADISE SOML,Non catégorisé,404,600,12,,,2D431710-45A5-4639-8AB4-30296F1CF83D
479,FLUCON COLLYRE 3 ML,Non catégorisé,500,700,9,,,84E7ADE7-8CA7-4508-9453-302C9F155153
256,GLUCOPHAGE 500MG BT30,Non catégorisé,400,0,0,,400000,CE4AAEB5-63A2-4875-9E8F-30D42993E2AF
579,TOPALGIC GEL 50MG BT30,Médicaments,1400,1550,1,1/6/2026 12:00:00 AM,,66E671FF-4D55-4C78-B4BC-30DBAA86F11A
1330,R4832,Non catégorisé,0,750,12,,,BBC27968-7437-4F86-B180-30FCB22AB2CB
455,DOLIPRANE 200 MG SUPPO B10,Médicaments,420,450,0,1/5/2028 12:00:00 AM,,C05AE038-4DB9-4401-9A95-3128E66C8A1A
570,STERDEX POM OPHT. BT12,Non catégorisé,700,1300,10,,,DE2555FB-0528-44EF-BF21-314640AE6E3B
932,COLGATE BAD TRIPLE ACTION LOT DE 2 MEDIUM,Non catégorisé,397,590,12,,,88E60C0C-B801-4B80-B494-319173773653
522,MAXIDROL COLLYRE FL3ML,Collyre,700,1000,6,1/8/2026 12:00:00 AM,,0055243E-2AEE-43A5-8E06-31996A662649
628,ALDACTONE 25MG TB 20 DR,Médicaments,900,1150,25,1/9/2028 12:00:00 AM,,0107C958-659A-49E3-9E00-31BA22BC9E2A
510,LARGACTIL 100MG CPR B2,Médicaments,1200,1700,8,1/7/2028 12:00:00 AM,,F9B9D442-E99E-4DAA-AFDD-31F0BE56D1A6
1300,RHUMIX SACHET B /10,Non catégorisé,400,500,19,,,75C0ADC2-B880-4230-A906-31FC803BF9EE
499,JANUMET 50/1000 MG 555,Médicaments,2550,3200,19,7/8/2027 12:00:00 AM,,7E728A6B-512B-43AF-A3F5-32C5C2C7CA33
1227,CLARTEC CP B15,Médicaments,0,1000,0,,,29CA4D01-BDE6-404B-9100-32D06337A784
1226,bondellet one call plus,Para-médical,0,50,300,,,4C363BC4-B07B-4C5E-AF4F-32D8500192D1
152,DOPPELHERZ AKTIV KINDER OMEGA-3 SP 250ML,Non catégorisé,3190,0,2,,3190000,3DD78BC0-B86C-4C23-ADCC-32F6C2C29447
278,OROKEN 40MG/5ML SUSP,Non catégorisé,1650,1750,18,,,3224BC49-908C-453A-ABB4-332B7B6D414E
296,FASIGYNE CPR 500MG B/4,Non catégorisé,1230,1750,8,,1230000,0DC85A50-826F-420E-83DC-336D34D472FC
629,FOSFOMYCINE ARROW 3G GLE SOL BU SACHETTE 1,Médicaments,1400,1550,19,1/7/2027 12:00:00 AM,,D137B8E3-1988-47AF-B318-337B65127BA0
805,IXINE 40MG/5ML SUSP 40ML,Non catégorisé,750,0,0,,,DF50E9E9-974C-4C75-B18D-338A3470C8A0
586,VENTOLINE AEROS FL/100UG B/1,Non catégorisé,1250,0,0,,,0F87EBC6-A6E8-4C13-A3F1-33ABF5382190
194,POUXIT XF ANTI-POUX ET LENTES LOTION 200 ML,Non catégorisé,4540,0,2,,4540000,95DB57EB-4FFE-4B04-A071-33E5089207D4
617,TIORFAN NRS 10 MG SACHET B/16,Sachet,2050,2800,5,,,F611F5FF-F8F0-4161-AE38-33EDA1342B53
385,BIOTIC PLUS 500MGSACHET B/12,Non catégorisé,770,820,0,1/2/2027 12:00:00 AM,,72AC3514-8F58-4040-86F3-33F51224E178
1025,BETASAL FINE,Non catégorisé,750,850,10,,,17398245-2C98-4D31-BA77-33FFA5D921B6
893,EVOLUDERM ANTI-IMPERFECTIONS SOIN MATIF. PM-PG TB. SOML                                                   y,Non catégorisé,810,1210,3,,,E777BE57-8A41-492D-96C6-340CD8B374BD
297,FLEXDOL BT/10 CPR,Non catégorisé,750,800,8,,750000,A20C6426-90A8-48CD-81B7-3486653A5008
856,BPH FAMILY SHAMP. AVOCAT CHEV. SEC 750ML,Non catégorisé,591,890,6,,,9E716CE3-8BC6-425D-B41B-34F284ADC035
302,LAMISIL CREM 1% TB15G,Crème,1620,1720,2,,,BA502314-776E-4511-8A41-3509B8368780
295,ISOFRA SOL.NASAL 15 ML,Non catégorisé,550,0,5,,550000,0D7AECB4-B985-4A67-AB5A-35F54D4B64E3
935,BPH CREME MAINS NUTRITIVE PLUS REPARE & ADOUCIT 150ML                                            0,Non catégorisé,437,650,6,,,EB0F8D08-755F-46CD-A5DC-361D184B088C
147,DOPPELHERZ AKTIV OSSEOVIT 30CPR,Médicaments,1100,1150,5,,,AB11EF1F-D4CC-45C9-85BE-3644BB56A3D1
541,OPLEX SYRUP,Non catégorisé,500,1000,27,1/6/2026 12:00:00 AM,,40FFE620-D684-408D-B58C-368B4491B1C2
899,EVOLUDERM HUILE RICIN FL 100ML,Non catégorisé,629,900,5,,,DDFCD2D1-14EB-4E1B-B2AC-3699EFF7372F
1190,AVAZIR 0.3% COLLYRE 10ML,Collyre,575,800,6,,,B462D3DE-C64A-4261-9927-36D556215419
1216,EXFORGE 5 MG/160 MG 28 CPR DR,Non catégorisé,1300,1400,13,,,44F5AF9E-F0C4-48B2-A92A-372B494A6535
204,BANDE GAZE LABELL 3MX5CM BOITE DE 10,Non catégorisé,550,0,6,,550000,747AD0CE-C783-47E3-9804-37487491AA33
645,COZAAR 50MG CPR BT 28 LOSARTAN,Médicaments,900,950,1,5/5/2028 12:00:00 AM,,D171DDA4-7AFB-474F-8F5D-37691EB3447E
698,OROKEN BB 40MG/5ML FL40ML,Sirop,1600,1700,0,1/3/2027 12:00:00 AM,,8DC02094-AE67-4ECE-A899-378C6FF88FE8
440,CATACOL 10ML COLLYRE,Non catégorisé,450,0,0,,,617F18DD-022B-4924-84F3-3799F555719D
486,GLUCOPHAGE 1000MG CPR B/30 FR,Médicaments,1050,1200,9,1/8/2026 12:00:00 AM,,AAD5DE8A-4112-4AB1-893B-385426E9553C
3,PROFENID 50MG CPR B/2450,Médicaments,950,1050,5,1/2/2029 12:00:00 AM,,E17FAE8A-830C-433A-A226-387A381CED75
895,"EVOLUDE,RM EAU MICELLAIRE VIT.C 250ML",Non catégorisé,572,850,6,,,41FF9FA1-8BAE-4F03-B7D3-38C4D2F0983A
285,NORFLOZOLE 100MG/1000MG/50,Non catégorisé,700,750,11,,,878EE6FE-1CD2-4677-ABC8-38CB4FED5A9A
254,ADEPAL CPR BT/21,Non catégorisé,820,0,4,,820000,A9F5E697-AFBA-423D-91E3-3943716698BC
28,IBUPROFENE MYLAN 400MG B 16,Médicaments,600,550,50,1/8/2027 12:00:00 AM,,D89FFFFC-4D62-4882-847B-39C2131FD8D3
71,EFFERALGAN VIT C 500MG A CPR5,Médicaments,450,500,24,1/9/2027 12:00:00 AM,,3C20FFA6-3B1F-4D03-93BF-3A47517274D7
1344,VINAMINE B12,Vitamine,0,2900,0,,,63CEE84F-3AF6-4C51-9DF8-3A5AC87D1FC6
757,RINGER LACTATE SOL INJECT 500 ML,Sirop,250,320,38,,,95491040-5F97-4356-B858-3A6A42EDF92B
247,ATACAND 4 MG 30 CPR,Non catégorisé,2800,0,3,,2800000,BFCD7F4C-58C1-41E7-8006-3A7F9817827E
976,KKEPPRA  500MG 50 TAB,Non catégorisé,3200,3400,3,,,A98A5965-A7BE-422B-8F83-3AD932CABF5E
889,EVOLUDERM ANTI-IMPERFECTION SOLUTION MICELLAIRE 250ML,Non catégorisé,707,1050,3,,,78260C3F-7801-42EA-86C9-3B4C6547D1EC
1077,SERUM PHYSIOLOGIQUE,Para-médical,0,650,100,,,A14FFEC7-C422-492D-B3C1-3B87096098F7
1195,FLUOCARIL JUNIOR BUBBLE T 75ML,Non catégorisé,0,950,9,,,556A3B40-D30C-4CEB-AE27-3BB31C71119E
772,LOICOID 0.1% POMMADE30G,Non catégorisé,900,950,3,,,2E8C58AC-2471-4D27-8D86-3BDAF014CD25
807,KETOFLEX 2.5% CREME 20G,Crème,530,600,5,,,E1C68796-228C-40C5-BA63-3BF684A54F49
798,PEDIAKID GOMMES IMMUNITE 60 OURSONS,Médicaments,2410,2510,2,,,22A43A21-11C6-4BE9-86CF-3BFB931EAC6F
1307,PICOT GEST 2,Lait,0,2700,12,,,5DFB69D6-501C-4E97-B062-3BFC44A47A88
393,ACLAV 1G/125MG SACH B/12,Non catégorisé,1700,0,0,,,D0F1C38F-239B-452E-B8DE-3C6CE641FCB8
405,AMLODIPINE ARROW 10MG CPR B/30,Non catégorisé,900,0,0,,,75CDB46E-2919-4A95-AB7B-3C726B3E81CB
276,DOPPELHERZ AKTIV THYMEPECT FOR KIDS COUGH SYRUP9,Non catégorisé,1910,2010,2,,,87D67B69-950E-4C37-90B4-3C7702A42AD7
501,JUVAMINE  MG+VIT B6 CP B/45,Non catégorisé,1100,1150,9,,,3ADC09CB-9F47-44DE-BF55-3C84F0E7B4DC
115,MIXTARD 30 FLEXPEN100I.U/3ML B1,Non catégorisé,1950,1500,33,,,7483C0A6-4A10-4949-818E-3C892ACECD2C
936,BPH BAUME A LEVRES HYORATANT BLISTER X2,Non catégorisé,525,780,6,,,93B5999B-8BE6-430E-98B7-3C9534754196
141,DOPPELHERZ AKTIV MAGNESIUM+CALCIUM+D3 TBL 30,Non catégorisé,940,0,2,,940000,558CB4A7-315F-4C67-8F96-3CC3AF4B3CE3
453,DOLIPRANE 150 SUPPO B10,Suppositoire,420,500,7,1/5/2026 12:00:00 AM,,0EA6380C-722D-4A54-A54C-3CDB1448099D
125,BIAFINE EMULS CUTANE TUBE 93G,Non catégorisé,690,0,15,,690000,552F547D-E4E2-45C3-A51D-3CDEA6C52ADC
411,APEXIME 500MG CPR B/3,Non catégorisé,1600,0,0,,,A86DBFE2-D479-4908-BF08-3D10720CE46D
35,GLUCOVANCE 500MG/2.5MG CPR B33,Médicaments,1350,1400,13,1/9/2026 12:00:00 AM,,36DB654E-9269-44F9-BF43-3D217AE51091
781,NYSTAMAX 100000IU/ML SUS BUV FL 30ML,Sirop,650,700,0,,,C0D698FE-8A1F-4C77-887A-3D7121761D9C
81,JARDYFERON 20MG/ML ENFAN,Non catégorisé,1200,1350,5,,,8D753938-365B-45C2-BE96-3E0B569A94D9
833,TEATS PERFECT 5 2M+MEDIUM SIL 2PSC,Non catégorisé,1364,1470,6,,,BA1FAB8C-616B-43D1-B9FA-3E0CAE78EA43
1147,CARBIGEN 20MG,Non catégorisé,900,1000,8,,,0420958C-864C-4BD3-B135-3E114843D98C
1249,CANDEREL BT 100,Médicaments,0,850,10,,,EBB36B82-AC3B-4E0B-B1B6-3E3997EA331F
491,HALDOL GTT 2MG BUV FL30ML,Médicaments,550,600,5,1/3/2027 12:00:00 AM,,ADF2801B-8C7C-401D-AD63-3E5522A24ED5
127,DOPPELHERZ AKTIV CONCEPTIVE MEN 30CAPS,Non catégorisé,2240,0,5,,2240000,3C86FEFB-EC4E-4B96-8A3B-3E7D3E7D1ED7
188,PEDIAKID GOMMES VITAMINE C 60OURSONS,Non catégorisé,2410,0,2,,2410000,2BF08C23-D7C1-4B64-A305-3F29BE436029
4,COMPRESS STERIL LABELL 30X30 /10,Para-médical,350,400,34,1/5/2030 12:00:00 AM,,5F33DD0B-5913-4B35-A90F-3F70FC9AA5B3
1222,ARM SLING SUPPORT 8057,Para-médical,2000,2100,5,,,348CC6BD-EC76-4D1C-8BCE-3FB380795B07
192,EAU OXYGENEE COOPER 125ML,Para-médical,450,550,8,,,4AAAD589-6DEC-4284-856C-40027AF71735
663,FLUCAZOL SUSP sirop,Sirop,750,800,6,1/7/2027 12:00:00 AM,,0AF1769C-A4E2-433D-9663-402CB5D5287E
1138,FINASTERIDE VIATRIS 5M,Non catégorisé,2400,2500,19,,,8F930231-451F-42B2-9F5B-402F8457396D
233,APEXIME 250MG B/6,Non catégorisé,1520,0,4,,1520000,072C4AB8-AD68-4D54-AA05-403AE0883922
1061,Pediakid  22 vitamine et oligo elements,Sirop,0,2550,0,,,35C0BA12-D121-49DB-B88C-409B20238B68
91,ARAGACTIL 25MG CPR BT50,Non catégorisé,0,0,0,,,C32F8254-B592-46E4-96E6-40C603D42CA7
1321,MEGAMYLASE CP B/24,Médicaments,1350,1450,10,,,F3689329-B193-4F88-AC26-40F6D75CDBDA
419,ATACAN 8mg,Non catégorisé,1400,1500,16,,,D976BDBE-967D-4CEF-8F9C-410A99E4CA3F
558,PONSTYL 500MG CAPS BT20,Non catégorisé,850,1050,5,,,4B5130FB-E74D-41BB-9078-415170F4B2AF
1320,FORLAX SACHET  B/10,Sachet,0,850,10,,,EFA5F6E3-1F94-466B-ADAA-415C4D7AAC0F
607,NATISPRAY 0.15MG SOL P PULV BUCC 200,Non catégorisé,1200,0,0,,,9C144398-114F-4FB9-90AC-41B783CB08A3
85,SPASFON CPR BT30,Médicaments,800,850,0,1/7/2028 12:00:00 AM,,3DF16B13-267A-403D-AA00-4202D5C4D387
848,EVOLUDERM HUILE ARGAN FL 100ML,Non catégorisé,629,900,30,,,DFDD5A1C-6F9C-47AE-A5F4-4254FAB67855
1258,PERFECT EASY GL 240,Non catégorisé,2750,2950,0,,,C219F6DC-8920-43C6-BB96-4264AAD0FC93
627,TEGRETOL 200MG CPR BT 50,Médicaments,1300,1550,10,1/12/2026 12:00:00 AM,,B0316894-6306-4758-9CB6-4269AFF3B309
526,MYDRIACTICUM 0.5% COLLYRE FL/10 ML,Non catégorisé,950,0,0,,,17316CB6-13A9-404F-ACF4-428A512707D6
1315,BISPIRAZOL 1.5MUI 250MG (BIRODOGYL),Médicaments,0,1800,10,,,00AF4EC4-04F6-47F1-8DD1-429F68694140
298,LOXAIR 100MCG 200 DOSES,Non catégorisé,1150,0,1,,1150000,7B293FB2-053B-4899-B2EC-42C019A2F8CF
348,RIVAMOX 125MG/5ML(AMOXICLLIN) 100ML,Non catégorisé,300,400,72,,,F83FB24D-DE25-474F-95F8-42C4B0A486A1
1187,VOGALENE LYOC  CP,Médicaments,0,0,10,,,79885ECA-6BB3-4C67-894B-43D3CC738A4D
565,SENSODYNE SOIN BLANCHEUR 75ML,Suppositoire,700,900,21,1/1/2028 12:00:00 AM,,CE46CD23-F1DC-4D2A-B7B5-43F9471F50C2
728,DUPHASTON CPR 10MG BT10,Non catégorisé,900,1000,0,1/3/2030 12:00:00 AM,,7EC89C8E-6D86-446F-AB23-4459F9924E05
442,CELESTENE GTT BUV 0PCO5  30ML,Non catégorisé,950,1050,14,,,F62BAFF0-EA13-42F3-B2BB-445C5EE53DC8
901,3 ANNEAUX SAVON DE MARSEILLE OLIVE 4X100GR                            p,Non catégorisé,576,850,15,,,ECA2A7BD-3AC4-4C6C-A58E-44831686EE20
330,PERFUSEUR,Non catégorisé,100,100,36,,,3D54633C-BE6C-41C2-ACAE-448EBBE9AA84
269,CARTEOL COLLYRE 1%FL 3ML,Non catégorisé,1320,0,2,,1320000,CD7C57B8-1076-4D8F-B83F-44ACCE59FAE0
771,CIALIS 20 MG B/4 FR,Non catégorisé,7800,7900,1,,,7BEF27D6-2671-47D7-B0A3-44C85618D0C5
469,ELUDRIL BAIN BOUCHE FL90ML,Non catégorisé,550,0,0,,,A068B030-2B92-4275-B78D-44D4DC23EFE4
367,FEROGLOBIN 200MLLIQUID FORM,Non catégorisé,800,1000,16,1/4/2027 12:00:00 AM,,06082807-EA9A-436F-BDE7-4526B72D92E7
780,PEDIAKID TRANSIT DOUX SIROP 125ML,Non catégorisé,2410,2500,0,,,F837FBB8-D87E-4CC6-8CAF-4546DE710C10
124,BENDLE ORAL SUSP 200MG/5ML,Médicaments,350,400,50,,,CAD37D4A-DA9A-49B1-8952-4552E0BFB3C2
681,MAGNESIE PELL NORM,Médicaments,1450,0,0,1/12/2028 12:00:00 AM,,F5A311FA-1890-4533-8B78-456323BD8E9B
965,EXOMUC 200MG SACHET 30 SANS SUCRE,Sachet,1090,1150,3,,,E5C085E7-7E92-4116-B093-45F80C6CEAB7
174,"DIPROSONE 0,05% POM TUB 30G",Crème,1150,1200,5,,,EF0AB3BE-B291-4802-9A7F-460CE34E1F13
1319,FLECTOR GEL APPL 1% TB 60G,Para-médical,0,900,10,,,088C5F4B-60BD-4077-8ACC-4645C0BBEF69
841,BM EAU DE COLOGNE REFRESH DELICATE 100ML,Non catégorisé,1454,1560,6,,,6BCFCF31-F808-448C-B8D7-465757795725
678,LUTENYL 5MG CPR DEC.BT10,Non catégorisé,1450,1500,3,1/3/2030 12:00:00 AM,,ECA88939-9328-42F0-A869-4657EAAF3C4F
508,KARVEA(APROVEL) 300MG 28TB DR,Médicaments,1400,1500,1,1/8/2026 12:00:00 AM,,6534E64A-E24C-4FD0-869F-465C77CDA349
470,ENTAMIZOLE 250MG/200MG CPR BT30,Non catégorisé,900,0,0,,,B58846C7-6A17-449C-A854-46A5B3ED0162
286,MC THERMOCY KNEE SUPORT WITH FLEXIB 3XL,Non catégorisé,6970,0,1,,6970000,31851A2D-D275-4DAB-873C-46F159E7D966
10,DUPHALAC 20 SACHET 15ML,Sachet,900,1000,21,1/12/2027 12:00:00 AM,,3C1ECA31-48CA-4CC0-9047-47E22BE2C9F4
372,PREGNACARE ORIGINAL30TABS,Non catégorisé,1050,1350,5,11/1/2001 12:00:00 AM,,39057BAF-2276-4945-9A87-487E7CBF2787
106,UTROGESTAN 100MG CAPS,Non catégorisé,0,0,0,,,172E88C4-9283-4872-BE82-48B3E965995C
1132,AKTIV OSSEOVIT,Non catégorisé,1050,1150,4,,,99D33B25-2CC4-417F-8606-48FB6EDD6D5C
1215,DOXY-DENK 200MG B/8CPR,Médicaments,700,1300,9,,,C190F926-DA71-42B6-AFC3-48FDAF3E18E4
483,GENCLAV 1G/125MG PDRE SACH BT16 (ACLAV),Non catégorisé,2200,0,0,,,1E6A2E95-63D6-4AF3-9725-48FE952F4858
679,AMAREL 2MG CPR BT/30,Non catégorisé,600,900,2,1/4/2026 12:00:00 AM,,5980439E-F2AF-470D-8994-49754597D614
931,BPH DEO. ROLL ON 48H ROSEE DU MATjN SOML,Non catégorisé,404,600,6,,,2AECA4F8-767E-404C-85D4-4A4A2946F5DC
172,POLYGYNAX CAPS VAGINALE 6,Non catégorisé,1030,1150,8,,,BEC3F74C-1518-4492-9201-4A7D8BB748CA
157,PEDIAKID SOMMEIL SIROP 125ML4,Sirop,2410,2510,2,,,DE400F15-7F00-4A47-8F60-4A8AB066A6BD
1135,AKTIV VITAL MATERNA PLUS,Vitamine,1350,1450,4,,,AF7CAFF6-0A1D-4D0A-94C8-4AAB2F00C27E
356,CLOFAINS CPR B10,Non catégorisé,350,480,10,,,B50E2C8A-6B00-4E0D-A827-4ACE45213509
1346,pediakid vitamine D3,Vitamine,0,2600,19,,,43CAD951-AFA6-44BC-99C1-4AD800519B98
966,TRIO 14 TEDAVI PAKETI,Médicaments,4950,5500,2,,,4CE8F9B9-EF95-42D4-9FEC-4AE16E923867
43,BETADINE VAG 10% SOL.VAGINALE 125ML,Crème,450,500,17,1/3/2027 12:00:00 AM,,CD2B7AD6-3170-4DA9-BC90-4B1055551510
137,GRANIONS MAGNESIUM MAX 360MG,Non catégorisé,3040,0,3,,3040000,72FAD0AD-67BC-4F7D-A9E1-4B2F697BC1DD
126,NYSTASHA 100000 UI CPR VAGINAL B/14,Non catégorisé,600,0,2,,600000,3182BC67-4B4C-40E3-8DF3-4B507178C664
1286,PANTOPRAZ CRIS 40MG CPR GAST FL/28,Non catégorisé,950,1050,20,,,02B372FE-BE5E-4663-82D8-4B52AF990F60
326,NORMACOL LAVEMENT AD 130ML,Non catégorisé,610,850,30,,,BAF6BB6F-52BA-4D52-96E3-4B63943C63F9
788,DOPPELHERZ OMEGA-3FOLIC ACIDE+B6+B12 30CPS,Non catégorisé,1540,1600,3,,,AEEA9B09-53F1-4857-A263-4B75A28DDDDD
1233,PREGNACARE BREASTFEEDING 56 TAB/28CAP,Vitamine,2150,2750,8,,,C8B78556-C721-4F47-AE01-4B7D498BC93A
1060,Glucophe 850mg,Médicaments,1000,1100,0,,,37C5F24B-8E2E-4477-9B47-4B8D5AFFEDB8
417,ATACAND 16 MGBT/30 (FR),Médicaments,4850,4900,2,1/5/2027 12:00:00 AM,,28D98F17-5380-4BBA-BA18-4BE3AC5994D4
555,PIVALONE SUSP NAS DOSEUR 10ML,Non catégorisé,650,0,0,,,B6F721B3-BE6B-4E58-9D12-4BFA3CE4BBB4
1263,BIOHEALTH VITAMIN C 1000MG B20,Vitamine,600,700,11,7/11/2026 12:00:00 AM,,F34F98EB-C5F9-4049-9676-4C0933BFEC06
860,BPH FAMILY MASQUE AVOCAT CHEV. SEC 250ML 1,Non catégorisé,572,850,3,,,BF71648A-1FF1-49F6-BA4B-4C51A90CE85B
1095,CHICCO 6+ PHYSIO,Para-médical,1200,1300,3,,,9AE2CF79-632F-4A6A-BD5E-4C896E856C54
804,IXINE 100MG/5ML SUSP 40ML,Médicaments,930,0,0,,,CF5D945E-D1BF-4ACB-B986-4CAC13CD3250
387,100MG/200 DOSES,Non catégorisé,0,0,0,,,84DB2526-E031-4E4A-B3C3-4CFF6DDEFFFC
1170,MAG UP 24H EXPORT  BTE 15 CP,Vitamine,0,950,1,,,7A1755EB-18F4-4501-B21D-4D446AF3C976
761,LEUKOPLAST 5mx*18CM,Para-médical,2200,2300,2,6/9/2026 12:00:00 AM,,B417EE0C-BF73-4FC1-8C7C-4DA0E9E1AC7F
985,PEVAGINE 1%CREAM T/30G,Crème,850,950,8,,,50A81B1D-5575-4F06-9EB9-4DBC10FE7E3F
1326,R8779,Non catégorisé,0,500,12,,,23505C66-C411-477B-BEF3-4DD9D85E5D51
1110,ULTRA B COMPLEX 60 TAB,Non catégorisé,750,850,8,,,BE8C6D88-CD32-4EE3-B89E-4DDBAF1E7D57
382,MORIDIL SUPPO,Non catégorisé,250,700,5,1/1/2028 12:00:00 AM,,7F079823-40B1-46CC-BC18-4DDF8B978CDB
612,LASILIX CPR 40 MG,Médicaments,850,950,8,,,92C72A0A-67AC-4CD3-BD21-4E02DBA21038
1214,TRIBUTINE 0.787% SOL BUV F/250ML,Sirop,950,1050,9,,,469FCD1E-1F59-46B9-9162-4E2430801CDE
724,EFFERALGAN EFF 500 MG CPR B16,Non catégorisé,470,550,0,1/12/2027 12:00:00 AM,,6E26FA24-0273-4ABD-9CC6-4E48DCC21046
1159,BI PROFENID 150 MG 10 TB DR,Médicaments,1100,1150,6,,,9E3E72EE-B5F3-42E9-B21C-4E4E5DB241DD
1292,BIOHEALTH MULTIVITA&MINERAL EFFF,Non catégorisé,700,800,13,,,E3E482F0-9F6A-4299-8994-4E4F46EF76EF
653,FAUTEUIL ROULANT AVEC TOILET,Suppositoire,28000,28000,1,1/1/2030 12:00:00 AM,,F7E1E06E-B5BE-457C-84A6-4E7D1F77AEF4
924,DENTAWEISS DENTIFRICE CLASSIC MINT TB.50ML,Non catégorisé,370,550,10,,,8FFF1FEC-D36B-4D08-B5DA-4E9022D58FD5
432,BIDONTOGYL 1.5M.U.I/250MG (BIRODOGYL ) B/15,Médicaments,2150,2250,1,1/2/2027 12:00:00 AM,,44891993-10EE-4AD1-B6B9-4EB44DE90F4C
59,DOLIPRANE 1000MG CPR B8,Non catégorisé,380,450,47,,,30332EA2-6326-4699-9216-4EE947782F27
1259,STREPSILS HONEY,Médicaments,0,1300,3,,,3CB1DB70-F0D7-4A97-9113-4F7E8AE03C60
118,RINOGRIP SACHET BT/10,Sachet,650,750,2,,,07FC0FB6-FFDD-4C00-BECA-4FBDB1147122
154,GRANIONS COLLAGÈNE +BEAUTÉ SUBLIMLIFT 12G 10 SACHETS,Sachet,3150,3150,1,,,9347FFCB-F0E9-4927-BDD0-4FD7C75B4AD9
956,NEXIUM 20MG B/28 GELULES,Non catégorisé,1250,1300,29,,,5897F81F-67B9-46C0-B2FE-4FD819221577
1004,"DOXAFIN 2,5MG 150ML SYROP",Non catégorisé,750,850,3,,,EFB336B4-B09E-49B4-98B0-50275B17ECC6
248,ANTADYS CPR 100MG BT/15,Médicaments,860,900,3,,860000,59110383-F506-4DA4-945B-503D499A846C
1076,CALCID-DENK EFFER BT20,Vitamine,2450,2500,1,,,E74DD0CA-42B2-4D57-BD45-503F0EA2AD68
705,BACTRIM AD CPR BT20 FR,Non catégorisé,850,0,0,1/11/2029 12:00:00 AM,,83C03DFD-5668-4522-9A7D-504853517649
857,BPH FAMILY APR.SHAMP. AVOCAT CHEV. SEC 400ML,Non catégorisé,523,780,6,,,38CAD158-B51D-467B-A003-506EB4E102AE
819,TRIPOD CANE,Non catégorisé,2620,2720,1,,,F63D24AA-CF84-4BEB-A75C-509183F6FAA3
355,RIVACLOX 500MG 20CAPS,Médicaments,550,650,3,,,30FF791A-9B25-4F82-BC08-50972BFC25FC
77,SUPRADYN BOOST SANS B/10 EFF80,Sachet,2850,3000,3,1/12/2026 12:00:00 AM,,15D9F950-969F-44E8-BE0E-50CBEC28FEA5
689,INEXIUM 40MG CPR BT14,Médicaments,2350,2400,5,1/11/2026 12:00:00 AM,,36A83D8A-5639-4323-A587-5103629CC713
1177,HUMER SOL NAS BB/ENF  F/150ML,Non catégorisé,1650,1800,5,,,FE29E3C9-8310-44C0-A69A-5165EFB38C88
576,TENORMINE 50MG CPR BT30,Non catégorisé,1200,1350,10,,,9F16CF40-8B7B-46C3-B50B-51770EDA3CC5
244,DESLORA-DENK 5MG CPR BT/108,Non catégorisé,780,900,0,,,EAD0AD0D-E5DA-4B75-BB02-5180261D5587
1092,CHICCO 0+ PHYSIO,Para-médical,1200,1300,4,,,197FA85E-C8EB-477E-9401-51B078EFC791
496,INDOCOLYRE 0.1% COLLYRE FL5ML,Collyre,1700,1300,3,,,BC75849F-1080-49DB-900D-5223EE1C7C58
162,PEDIAKID FER+VIT B SIROP 125ML,Non catégorisé,2410,0,3,,2410000,B780E10E-CE3F-4778-B974-524D82F86700
169,MYCOSTER CREM DERM 1% TB 30G,Non catégorisé,970,0,10,,970000,1A576BC9-2D56-42BB-AB74-528BF597C63B
562,SENSODYNE BAD PRECISION MEDIUM BRUSH,Dermo-cosmétique,500,650,7,,,93A28984-0298-4401-B353-5297BD551123
252,DIFFU K-GELULE 600MG BT40,Non catégorisé,680,950,8,,680000,F4607C11-E486-4447-8433-529C5BE7B0D1
410,APAZIDE 200MG GELULES B/16 (NIFUROXAZIDE),Non catégorisé,500,0,0,,,3E2ECD7F-036E-46B4-BD18-52B76DDC5D69
535,NURABOL 2MG/5ML SP ENF,Sirop,600,750,62,1/6/2028 12:00:00 AM,,8517CB20-1101-442E-AAF3-5319A949E77B
369,JOINTACE OMEGA-3 30CPA,Non catégorisé,1190,1500,1,1/9/2027 12:00:00 AM,,E47DD652-099C-4639-95F8-532F160D4296
563,SENSODYNE RAPIDE ACTION T/75ML (FR) 3094904500015,Dermo-cosmétique,600,650,7,1/1/2027 12:00:00 AM,,FD7E41B5-CB8F-41BD-9F21-5398C2BC182B
492,HUMEX TOUX SECHE SP 150ML,Non catégorisé,900,1350,23,,,075ED500-145B-4453-9244-53EB46369979
847,SOOTHER PH COMFORT BLUE SIL 0-6 1PC C,Non catégorisé,1200,1500,100,,,9EC6D90C-8766-4D91-AFF6-5410364C49D2
1139,OPTIDEX COLLYER,Non catégorisé,850,950,4,,,8DF8274B-A1EE-4A8E-AACD-541321A70AF6
317,TEGRETOL CR 200MG 20TB,Non catégorisé,1250,0,5,,1250000,62512ACB-327E-482C-A787-541E83B656FA
88,DEBRIDAT 100MG CPR BT30,Non catégorisé,0,0,0,,,59EBEE1C-93DD-40E8-A412-543A26141E05
983,FERVEX SANS SUCRE ENF,Sachet,900,950,2,,,600892EE-2853-4238-A16F-5448A0C1C0DC
624,SEDORRHOIDE CREME EXPORT,Crème,800,950,10,,,4D69009B-CEB5-498E-AB9F-546132A63AF7
596,CATHETER JAUNE 24,Non catégorisé,150,0,0,,,2336AEFE-4BC9-45E5-BB9A-546665EB98F2
884,EVOLUDERM GEL DOUCHE ALOE VERA 500,Non catégorisé,659,980,3,,,6A3101D0-B4DC-4FCF-9E79-54BFFCA074CF
1057,BIOHEALTH ELETROLYTE EFF ORANGE B/20,Non catégorisé,700,800,4,,,413125A7-FD25-44E1-BFB4-54D19D5963B3
516,LEVOTHYROX 50UG CPR BT30,Médicaments,300,400,4,1/4/2027 12:00:00 AM,,A93D6F99-CF80-445D-AF6B-54D468B0317B
210,GENSIL SP F/100ML,Non catégorisé,400,600,18,,,B6FB5896-FC9D-45D0-B028-54D72F10717B
590,ZYLORIC 100MG CPR SEC B/28,Non catégorisé,500,0,0,,,8C71B9C5-5069-4BE4-A0E6-54E752755053
323,CATHATER COURT IV 22G BLEU,Non catégorisé,70,0,100,,70000,50C830E8-854A-4972-A152-55120CF0E1B2
167,DOPPELHERZ VITAL MATERNA PLUS 30 CPS3,Médicaments,1380,1450,5,,,6D5F0973-BD10-4CB3-B63C-552CA955C3B4
730,GLUCOPHAGE 850MG CPR BT30,Non catégorisé,950,1000,0,1/3/2029 12:00:00 AM,,42AB592F-5FB1-4792-BF1F-5543A9EA0E22
684,BABYSOIN SERUM PHYS BT30-5,Non catégorisé,150,200,9,1/9/2027 12:00:00 AM,,1203AAE3-5021-4E3B-B3B9-55A736B6FFCA
566,SERETIDE DISKU 250/50MCG 60DOSE,Para-médical,3800,4050,1,1/10/2026 12:00:00 AM,,7D8D5993-157C-473B-8326-55B09FC6B1B9
31,AMARYL 3MG 30TB,Médicaments,900,0,0,1/5/2027 12:00:00 AM,,DB6DF10C-98D1-4864-A887-55C0168D41EC
514,LEVOTHYROX 100MG CPR BT30,Médicaments,600,750,0,1/7/2027 12:00:00 AM,,D4BACCDA-4AF0-43B1-BAC3-5688C747514A
650,MAALOX SUSO 20 SACH,Sachet,1100,1300,8,1/12/2027 12:00:00 AM,,6AC785CA-C8BC-4EB1-AE31-56905F4CD989
16,BRONCATHIOL SIROP AD FL150ML,Sirop,750,950,8,1/3/2027 12:00:00 AM,,67659563-1E0E-4670-B0C1-56F59954EC2C
1252,blond langet,Para-médical,0,1000,2,,,FD453691-FAA3-4B6F-8A09-57437E43083C
670,PRINCI B FORT CPR TB30,Médicaments,1500,1600,9,1/7/2028 12:00:00 AM,,918E18CD-E05E-42A8-8356-5777BA5F5FC4
131,GRANIONS VITAMINERIS SENIOR 30 CPS EFF2,Vitamine,2210,2500,2,,,124286F2-7440-4769-A866-579E3C907FEA
873,FW ORIGINAL GLUTATION SAVON GOMMANT 200G,Non catégorisé,874,1250,6,,,4E221B6D-7757-4EF4-A385-57E2E698EC49
264,LEVOTHYROX 50MCG CP BT30,Non catégorisé,350,450,16,,350000,AFEBB5DF-708C-4373-9A4B-588B5C7241C5
752,MANNITOL INFUSION 100 ML,Sirop,680,750,38,,,4E4231C2-DF8F-437D-9036-5898FB1B0876
1206,POLYFRESH EXTRA SUD COLLYRE UNIDOSE 0.4ML B30,Non catégorisé,1500,1700,8,,,39F14D6A-53A6-4D60-ADE1-58C623B99A8E
1323,EXFORGE 10/160MG 28CPR,Médicaments,1400,1500,10,,,05264F95-A531-4BF3-A51F-58E66A82F7B0
1072,KETO FINE,Non catégorisé,0,1450,3,,,F34803F2-E8C3-46ED-9F86-58EDBF2F36B9
290,ERYTHROPOITINE 4000IU AMP INJ,Non catégorisé,1200,0,10,,1200000,D0881698-92C4-4E0F-AB33-58FCB122EEF0
1205,TRAVONORM PLUS CL 5ML COLLYRE,Non catégorisé,2320,2000,5,,,5B612870-EF0E-4FD7-A011-59623979F2D7
409,ANTALGEX T GEL B20,Médicaments,650,850,17,,,EE31A448-A69D-4724-A366-5988D8C20E67
1144,TERBISIL CREME,Crème,600,850,9,,,623AEA82-FFDA-4AF2-B92D-59D010F28653
955,NEXIUM 40MG B/28,Non catégorisé,1400,1500,0,,,E81C0B03-972C-4740-BB9F-59DFC43166C3
606,NIFEDI-DENK 20MG RET B30,Non catégorisé,850,950,1,,,DA4507D3-C8E0-4E34-BA7C-59E9B4E0F59B
910,BPH DEO. ROLL-ON 48H EXTRAIT DE BAMBOU SOML,Non catégorisé,404,600,6,,,D45F2BD0-90CA-468F-9963-5A2103FAC4D6
307,CARDENSIEL 5MG CPR SECABLE 30,Non catégorisé,1230,0,5,,1230000,638429CC-B76C-46C4-83E3-5A2B20CF0585
1213,FLUOCARIL BAD KIDS JUNIOR 6-13 ANS EXTRA SOFT,Para-médical,800,900,12,,,035C7A6F-4D14-4720-A5A0-5A7D303C1265
1280,DOLIPRANE 300MG G.ENF SACHET 12,Non catégorisé,430,500,10,,,F893AA91-B0E5-4249-A793-5AEE6AF9F1EA
1246,MONUROL SASE (FOSFOMYCIN) SACHET,Non catégorisé,1100,1200,10,,,30C2DAD7-2F54-4F7F-9F6F-5B041607A2B8
314,BD MICRO FINE PLUS PEN NEEDLES 5MM,Non catégorisé,5380,5500,1,,,98C12B31-7E56-42E9-9E01-5B043177C013
316,"SERINGUE BD MICRO-FINE 0,5ML 30G BT/104",Médicaments,540,600,16,,,0CACC3BC-4EE1-42F8-9BB8-5B1E9C926FF6
377,DOUCIA PLUS 30G,Pommade,220,450,26,1/10/2028 12:00:00 AM,,8A54D8D6-4AEE-4DEE-AC15-5B7860495AE0
631,BANDELETTE ON CALL PLUS,Dermo-cosmétique,1500,2400,19,,,D25F5EBA-28CB-47AE-8FFD-5C31A591F2C3
1176,ON CALL PLUS GLUCOMETRE,Non catégorisé,3000,3600,5,,,93E8E57B-8B62-439D-9146-5C4DC50EB951
941,aspirine 100 mg cp,Non catégorisé,960,0,0,,,CE1B0F94-EE55-4EDF-B0CB-5CACAF5DF939
794,MYCOSEDERMYL CREME NIT/ECANAZOLE 1%30G,Non catégorisé,830,930,7,,,2ADB3BBC-9E9A-4195-88E0-5D0B31505063
308,ULTRALEVURE 50MG GEL BTE 20,Médicaments,1720,2800,5,,1720000,E6BFFF78-723E-4BC1-87A6-5D0E3898A119
654,BEQUILLE EN FER,Non catégorisé,5000,5000,1,1/1/2030 12:00:00 AM,,D6085C0F-2B4B-41D2-A610-5D1D612331B2
18,VENTOLINE AEROS FL/100UG B/I,Para-médical,1250,1400,9,1/10/2026 12:00:00 AM,,D2764401-9846-4B29-9A9F-5D4165BFCC62
1283,CAC 1000 CP EFF BT/10,Vitamine,600,700,15,,,B07C4E40-31F2-40E9-813B-5D65B71B64FD
340,VITAMINE C CPR EFF 1GB/20,Non catégorisé,370,420,0,1/10/2028 12:00:00 AM,,E47BA930-7034-47C8-8274-5D6CB236CB90
339,DOLIPRANE 1G CPR B8,Non catégorisé,400,0,0,,,697FC357-6865-436E-B0C2-5D95756D5982
359,BISACODYL 5 MG ARROW CPR 30 (DULCOLAX ),Non catégorisé,850,0,0,,,77723BA4-43A7-4559-BC95-5DAE6734135C
1296,chicco 2-6M comfort 2 PIECE,Para-médical,0,1550,10,,,A3B2CAD2-C09A-407F-92E2-5E5C7A277D71
575,TENORMINE 100MG CPR BT30,Non catégorisé,2400,2000,5,,,7803D589-35E5-40DC-BDE3-5E7B2544A8B9
787,DOPPELHERZ VITAMINS FOR DIABETIC 30TABLET,Non catégorisé,1250,1300,3,,,40410303-91F8-4CCF-8DA0-5EA721048EAB
946,alfamet 250 mg cp,Non catégorisé,1470,0,10,,,1CE100C9-45EB-41AF-BCE0-5F2A0A0C8FD7
611,LASILIX FAIBLE CPR 20MG BT30,Médicaments,950,1050,0,,,AE8C1964-0641-4EA2-9003-5F4E4933321A
263,LEVOTHYROX 25MCG CPR SECABLE 30,Non catégorisé,300,0,0,,300000,7D795CD6-C0CB-4A19-A143-5F613C804F3D
999,BANDE GAZE LÀBELL 3M*5CM BOITE DE10,Para-médical,550,650,6,,,99AF3F73-873E-4ADF-86A5-5F9641ADF764
220,TOT-HEMA AMP BUV 10ML 20,Non catégorisé,1350,1450,29,,,F263060F-31A4-4619-96E0-5FA5B97F5C26
49,VASELINE GUAZE 10CMX10CM B/10 (TULLE GRAS),Non catégorisé,0,0,0,,,D728DAB1-752C-4CEA-BFB0-5FBAAE1730E0
735,VOLTAREN 75MG CPR BT30,Médicaments,1150,1850,0,1/10/2027 12:00:00 AM,,D4B71D2F-3E20-4326-B99D-5FCF2D0FD25C
121,RHINATHIOL PROMETHAZINE SP 125ML,Non catégorisé,990,0,14,,990000,AF8D3112-56AF-4A8C-A099-5FE574BA8507
272,GENTAMICINE PAN INJ 80MG/2ML,Non catégorisé,1980,0,5,,1980000,6F4C8655-7CB9-409C-99B5-601E55027C09
699,OROKEN 200MG CPR B8,Non catégorisé,2800,2900,0,1/3/2027 12:00:00 AM,,42577D1B-16CB-4058-BC07-60A4F6B3588F
1324,NUCLEO FORTE  GEL B20,Médicaments,1800,1900,5,,,CCCF62E8-8050-4774-B917-60C9D15C65F6
1046,DEFAL CPR 30 MG B10,Non catégorisé,2400,2600,9,,,78A53A95-9A0B-41EF-B2DF-612E000BB861
1262,KLAMER 250 MG,Sirop,1300,1350,16,,,C966DB15-EA7F-4779-992E-61646540F998
1191,FLUOCARIL KIDS FRAIS 0 a 6 ans T 75ML,Para-médical,0,750,9,,,37D7430D-D4F7-4067-BDD0-6179E70698B1
443,CERULYSE GTTES AUR.FL10ML,Non catégorisé,650,750,8,,,5F11477C-9EC0-4EE8-BE86-618302A7C0EB
261,AMLOR GELU 5MG BT30,Non catégorisé,1470,0,4,,1470000,462913AD-B9D8-4DAF-A16C-61B50A90C282
68,FERO B12 SUSP BUV FL200ML,Non catégorisé,0,0,10,,,BB47FF03-94C2-4C40-A42B-625A3231B480
778,GRANIONS VITAMINERIS ENERGIE B/30 CPS EFF,Non catégorisé,2210,2300,1,,,067DFFED-12A6-422A-B86D-632CC23A615A
700,LOPERAMIDE SANDOZ 2 MG 20GEL,Non catégorisé,700,750,7,1/6/2027 12:00:00 AM,,9A541E1C-2964-48E3-B4AB-6340357758CC
368,FEROGLOBIN B12 30CAP,Médicaments,770,1100,38,1/1/2028 12:00:00 AM,,53C461D5-B35D-4D69-996B-6431BBBDFC6C
291,TETANUS ANTITOXIN 1500 I.U 1ML,Non catégorisé,750,0,0,,750000,3B2B51D0-A5D1-4391-ADBE-64933D1CC0BD
830,BOTTLE WB PP ORANGE UNI 250 MED SIL,Non catégorisé,1636,1740,6,,,0DA56FD8-5146-488A-9FB8-64CE8DE3D5E3
988,DACRYOSERUM SOL POHTUNID B/20,Collyre,2300,2450,4,,,5055838C-CB5D-4910-9877-65207721A20D
132,GRANIONS VITAMINERIS ENERGIE B/30 CPS EFF,Non catégorisé,2210,0,2,,2210000,4B80C920-DA75-4D35-95B3-65396BC89094
24,AZITRO 500MG 3TB DR (AZITHROMYCIN),Médicaments,750,0,0,1/1/2029 12:00:00 AM,,AC284DAD-1A71-4415-8807-6597A202C197
34,GLUCOVANCE CPR 500/5MG BT30,Médicaments,1250,1550,7,1/8/2026 12:00:00 AM,,F653A14F-02E8-4835-9A1F-65A6513F8977
420,ATENOLOL DENK 50 MG B/100 COMP,Non catégorisé,2500,0,0,,,C9279FAE-983D-40AC-B2CB-65A72EC5E117
1287,AVLOCARDYL 40MG BT/50 COM ( PROPRANOLOL),Non catégorisé,1200,1300,5,,,6DF8B81C-DD4D-4F97-A7C2-65E3BDB0CBCA
911,WHISKY RED MEN DEO. SPRAY 150 ML      0,Non catégorisé,525,750,2,,,3D49BE89-CD31-424B-A290-65FAF84346D0
861,BPH FAMILY MASQUE COCO CHEV  COLORES250ML,Non catégorisé,572,850,3,,,95E60AC4-3A1E-4A34-9BED-6600B9EFE007
251,DIAMOX 250 MG CPR BT24,Non catégorisé,1400,0,4,,1400000,CF2A37E3-4E7C-4714-980E-660F6C95E321
800,GELU BT60,Non catégorisé,2660,2760,2,,,8E19253F-F045-467D-820C-66248137987E
161,PEDIAKID GEL PREMIERES DENTS 15ML,Sirop,1850,2000,8,,,CE09E2B4-1F43-4091-B451-66B789C644D1
691,COQUELUSEDAL SUPPO ENF B/10,Suppositoire,650,700,2,1/7/2026 12:00:00 AM,,C3DC70A6-AAB0-41B2-9A9A-66BA178378B3
345,DEXERYL CRE TB 250 G,Crème,1850,1950,13,,,E94CB4BE-4D47-4EAC-BEE8-66BD04F8A312
70,VITAMINE C 500MG A CPR,Non catégorisé,0,0,0,,,218F86F4-1E45-40A5-A736-6720905163DE
792,PEDIAKID NEZ-GORGE SIROP  125ML,Sirop,3410,2600,15,,,8F1573DC-A5D5-4417-B2E1-67294EEF2096
530,NORFIX 400MG CPR PELL PLQ10,Médicaments,1150,1200,1,1/3/2027 12:00:00 AM,,E2027157-2295-48DD-A17B-679C21AD0B10
235,DUSPATALIN 100MG 50DRJ,Non catégorisé,1190,1250,4,,,8EBBE99B-783F-4BAC-A5E1-67C7FF236305
894,EVOLUDERM GEL NETTOYANT VIT.C SOOML,Non catégorisé,908,1350,6,,,BE3B697D-2A1D-467F-A984-67D3F64F5E9F
1030,INONGAN  CREME,Crème,350,450,8,1/10/2028 12:00:00 AM,,D0109DE9-8FE2-4F76-B0E0-681502C4D672
195,CYSTONE TABLETS 60,Médicaments,1310,1360,3,,,60130EFD-FDD9-40A2-B615-6823F079A38E
36,MICROVAL CPR BT1*28,Médicaments,450,850,7,1/9/2027 12:00:00 AM,,B8653FF5-8B37-4C2D-B20E-682BD1B727A6
335,KLAMER 125MG 70ML SUSP( CALRITHROMYCINE ),Sirop,700,1050,8,,,3E2B713C-E2A7-4C80-8F35-6888AAB14296
304,ARNICAN 4% CRM TUB 50G,Non catégorisé,750,0,2,,750000,D6E46B7D-1902-4963-BAAA-68931CCD4767
318,TEGRETOL LP 400MG CPR SECABLE 30,Non catégorisé,2250,0,2,,2250000,6A50355F-88F4-48B8-BFA7-689D9B8A3D16
915,EVOLUDERM DEO THE VERT & CONCOMBRE 24H 200ML                                                                     y,Non catégorisé,504,750,6,,,A61D365F-C115-491A-BFFF-68AF579E522A
872,FW SAVON GOMMANT 200 GR.,Non catégorisé,874,1250,11,,,2BCF00E4-43F2-4B7A-AFBC-68DA03852B33
764,ASPIRIN 100MG TAB 20DR,Médicaments,650,750,47,1/9/2028 12:00:00 AM,,842314B9-7080-4653-A850-68DB1063CD53
920,COLGATE BAD TRIPLE ACTION MEDIUM,Non catégorisé,329,600,7,,,C6D87ABB-3463-4C2D-BC6A-691AC1A8C5D1
1143,GRISTAL NOURRISSONS SUPP,Suppositoire,0,600,3,,,55C5C683-D57B-443D-BE64-6980725759F2
1266,PICOT 2-2EME AGE,Lait,1200,1250,0,,,B526D964-C9D7-4E97-BC1A-699B4BADB392
150,DOPPELHERZ VITAMINS FOR DIABETIC 30TABLET,Non catégorisé,1250,0,3,,1250000,6960EA29-8842-4401-9508-69AA0D1E6A30
462,EFFERALGAN 250MG BT12SACHETS,Non catégorisé,400,500,6,,,540A447C-8E3C-4216-A291-69CA0C496A5D
1083,OMEECAN (OMEPERZOL 20MG 15 CAP,Non catégorisé,400,400,39,,,8AF9AA03-5D20-49A1-977C-69DDA513AA24
143,DOPPELHERZ AKTIV SELEN 100UG 30TAB,Médicaments,970,1020,3,,,46534E09-FB04-4E02-AB38-69E9506CE843
875,FW CREME TUBE 50.ML                                    -,Non catégorisé,790,1100,8,,,00D055DD-CA4E-4C0D-AD3E-6A331D083777
1318,DOXYCYCLINE  MYLAN 100MG  15 CP,Médicaments,0,1000,10,,,AD0F7E70-677E-4DDE-9FDC-6A347014BF09
908,WHISKY SPORT MEN DEO. SPRAY 150 ML,Non catégorisé,525,750,6,,,E3F48894-73D0-48D0-B7F1-6A75835C389B
170,PARACO-DENK 1000/6 MG B/10 SUPP,Non catégorisé,1420,1500,2,,,9A196271-C108-4344-BB4B-6A9DC82E5CBE
1056,DIMRA 20 tab,Non catégorisé,800,900,10,,,DA7248DE-DADE-483F-B9CA-6AA42FE3C53A
1188,PAINOR INJECTABLE,Para-médical,0,350,7,,,D4829C50-C159-40FA-AA96-6AD5894D8387
334,KLAMER 500 MG 14TB,Non catégorisé,1550,1650,8,,,6934B0AB-5FC1-4580-9E17-6B065C8EF23A
633,XATRAL DN LP 10MG 30TAB,Médicaments,1100,1150,10,1/12/2027 12:00:00 AM,,A988977A-7B4E-4EC0-82C3-6B1775CB2B7C
815,DESLORATADINE -GH 0.5MG SUSP BUV F/60ML,Suppositoire,950,950,17,,,4F3C26DF-BBED-42AF-A862-6B305CB2DF9D
324,CATHATER COURT IV 24G JAUNE,Non catégorisé,80,100,92,,,D9842CAF-A2B3-4A80-91EB-6BD50FC1ACB5
39,ALFUZOSINE MYL LP 10MG CAPS B/3,Médicaments,2600,2700,2,1/3/2027 12:00:00 AM,,76403235-F083-4B1B-87B1-6BE1F896BC94
1040,Aldactone A 25mg tablet,Non catégorisé,0,0,0,,,3F1ABA94-8F97-4E53-918D-6BE613EB9895
731,GLUCOPHAGE 1000MG CPR B/30 FR,Non catégorisé,1050,1150,5,1/8/2026 12:00:00 AM,,D3FC9393-5A71-4891-99CD-6C01B886C69F
592,DEXTROSE GLUCOSE 500ML,Non catégorisé,300,350,35,,,D2DD600D-ACDF-456E-9C45-6C0CD5E51E51
647,fervex,Sachet,0,0,0,1/3/2027 12:00:00 AM,,9BF61A04-CD86-4ECE-B0BD-6C1606720C67
22,TADALAFIL MYLAN 20MG 8 CPS,Médicaments,900,1000,10,1/12/2027 12:00:00 AM,,2DEC0144-E6D8-4E37-9C97-6C2A9DA84E68
444,CETIRIZINE SANDOZ 10MG B/15,Non catégorisé,800,600,2,,,90A1F941-D984-4DC0-B0CA-6C442BA21227
829,BOTTLE WB PP GREEN BOY 250 MED,Non catégorisé,1636,1740,6,,,8662F9B2-FED5-45B4-8F3F-6C70CE050FF8
914,EVOLUDERM DEO NUAGE DE COTON SPRAY 200ML,Non catégorisé,504,750,6,,,C82DC7F7-ED63-4AA9-BD25-6C81FFC7BFAC
305,PIVALONE SUSP NAS 1PC FL 10ML,Non catégorisé,950,0,0,,950000,389A3B50-C8C7-4997-AFA1-6CC1C0BB09F5
546,OXYBOLDINE CPR BT24,Non catégorisé,900,0,0,,,10A30D29-0D93-4AF1-A0E0-6CD613BCAA73
398,AERIUS ORAL SOL SSUCRE FL60ML,Non catégorisé,1300,1300,10,,,7A2477C1-C5DF-4A5C-8EEE-6CE9CC0720DA
95,DOLIPRANE EFF 1G B/8,Non catégorisé,0,0,0,,,B8A9BFBA-CCDC-4FB8-A601-6CEE080BE382
539,OMEPRAZOLE MYLAN 20MG 28GEL,Médicaments,1250,1150,0,1/11/2026 12:00:00 AM,,A65D8D28-75CF-4112-84E1-6CF58BA469B7
202,CUTACNYL 5% GEL DERM 40G,Non catégorisé,830,0,3,,830000,23A07AE7-B7C7-4588-8B78-6CFB8B9999AC
747,MICONAZ(EG)2% ORAL GEL TB20G,Médicaments,450,600,0,1/5/2029 12:00:00 AM,,DFABE71B-5EE8-49FE-9806-6D54837B8719
890,EVOLUDERM ANTI-IMPERFECTIONS LOTION PURIFIANTE 200ML,Non catégorisé,605,900,3,,,9FB3F92A-40CC-4048-8B0D-6D6C5DCEA3F7
862,BPH CREME DEPILATOIRE SOIE TB 125ML,Non catégorisé,760,980,6,,,B4F1C102-F77B-41D0-A966-6D73BDA014A3
753,CIPROFLOXACINE INFUSION 200MG/100ML DENIS,Non catégorisé,350,400,16,,,0F19F80F-9D0F-4344-9CF4-6D7C4C23D5B5
839,BM BAR SOAP 100GR,Non catégorisé,500,600,12,,,71EBCB7B-0CAE-49F3-BAC2-6DA59BA963AD
1029,OSMO SOFT,Dermo-cosmétique,730,830,5,,,5D0BB331-D9E2-451D-BDEC-6DCEE428151D
582,TRAVONORM COLLYRE 0.04MG/ML 5ML,Collyre,2400,2780,4,,,224CD9D2-0967-4A2B-9D7B-6E132837430D
320,RINGER LACTATE SOL INJECT 500 ML,Non catégorisé,250,0,50,,250000,B1B892FC-5FD0-445A-B692-6E572DEFA538
1075,CALCIUM +D3 OSTEO 1000,Vitamine,0,1050,20,,,677CAC30-48E2-47BD-8AF5-6E88A4972FA1
461,EFFERALGAN 500GR EFFERV. BT16,Non catégorisé,450,500,42,,,30E029EC-2247-4B48-A97C-6EA963B3BC41
1162,OROCAL CP,Vitamine,0,2100,2,,,10652416-F20A-4ED4-B32B-6EB7FA874AC2
1064,VITAMINE C 1000 MG CP,Vitamine,0,650,90,,,6632B2D4-C195-45DD-B6A3-6EB85AB4A979
822,DOLIPRANE 500MG CPR BL2X8,Médicaments,350,450,0,,,8CAF8EB3-B751-4C82-89F9-6EE20AF0FFB7
714,APEXIME 500MG CPR B/3,Non catégorisé,1600,1700,37,1/8/2027 12:00:00 AM,,5D732410-9395-46B6-AE18-6F0651B9CDE9
1257,PERFECT EASY GL 240,Non catégorisé,2750,2950,0,,,E102178C-E0E7-45C8-AFFC-7022428CCDDB
1115,TARDYFERON SIROP NOURRISSON,Vitamine,0,900,5,,,92DF430F-CB4C-4F07-85F6-70552DE78EC3
1002,COMPRESS  PUR LABELL 40*40 PQ10,Non catégorisé,400,500,0,,,61A3BAAD-8B23-47F2-B74F-711E73F102E9
460,EFFERALGAN 150MG SUPP . BT10,Médicaments,400,450,9,1/9/2026 12:00:00 AM,,503B813A-F9FE-4D49-8391-71515325F411
588,VOGALENE 0.4% GTTES BUV FL30ML,Sirop,600,800,6,1/9/2026 12:00:00 AM,,AC1B0383-EC68-49A9-848A-718F08470BF0
312,MANNITOL INFUSION 100 ML,Non catégorisé,680,0,50,,680000,6DE8A5EC-86E1-40E6-AD2B-71B1E4D4C0EE
29,RHINOFEBRAL VIT C BT20,Médicaments,800,850,5,1/9/2027 12:00:00 AM,,235F1F30-826A-47CC-8602-71BA04D5D1CF
542,OTIPAX SOL AURIC GTT 16 G,Non catégorisé,600,800,32,1/10/2027 12:00:00 AM,,591A269C-E9B0-478C-AECC-71DF8D015150
696,AUGMENTIN PDR NOUR 100MG 30ML,Non catégorisé,1150,0,0,1/10/2026 12:00:00 AM,,D43F2625-94EA-44A6-ABAC-720B570702E5
783,DOPPELHERZ AKTIV CONNCEPTIVE FEMME 30 CAPS,Non catégorisé,1680,1750,5,,,695CED51-3B8E-421D-8718-72214506CDC5
179,ACIDE FUSIDIQUE MYLAN 2% CREME,Crème,520,600,0,,,88140D10-A28F-4D8B-B0F6-727503A2613E
1183,COTIPRED 20MG EFF B/20 PRESDNISOLONE,Médicaments,1650,1750,21,,,923A9C6E-D941-426C-B4CC-72907571D2AE
213,DOPPELHERZ AKTIV CALCIUM + D3 15 EFF,Non catégorisé,1000,0,5,,1000000,A702EA5D-6179-4ADD-AE49-72AD212BFA9F
963,BONCIPRO 500MG CPR B/20,Médicaments,1500,1600,0,,,9FF2CD23-86D2-4A6D-BA67-72B6A1256A68
1059,Bemiks kompose inj,Para-médical,0,160,17,,,37D7B1AB-6D4E-42A8-9970-72D453C9207C
925,DENTAWEISS DENTIFRICE SUB ZERO TB.50ML,Non catégorisé,370,550,12,,,E47F99C5-1B03-4E7C-97DA-7315CFE3D441
622,GRISEFULINE 500MG CPR BT30,Médicaments,1200,1350,20,,,5A9636CB-1BCB-4648-82A3-734081AE4581
869,BPH CR. HYDRA-INF   I 24H JOUR&NUIT SPF8 60ML NEW,Non catégorisé,1144,1750,6,,,324DE5EF-B6BB-4EFC-94A8-73713BFE234F
1019,VENTOLIN 2MG/5ML,Sirop,700,800,5,,,14B5BC94-B1AC-4EAF-9E3B-73748AA4D55E
364,METROZAL 500MG20CPR,Non catégorisé,300,800,26,,,D3FC0F0A-134C-4F1F-BE94-738E3BF49B90
1100,CHICCO SAPONETTA,Para-médical,440,540,5,,,CEC03F14-B257-44CC-83F6-73DA05153F7D
74,DYNAMOGEN AMP BUV B/20 FR,Vitamine,1350,1450,53,1/2/2030 12:00:00 AM,,3DC21113-7EA8-47BC-8E82-740DCC926FC1
878,EVOLUDERM BAUME DE NUIT DEFATIG          ET SOML,Non catégorisé,1335,1800,6,,,61547490-2589-45ED-BCDA-74116CD7D263
826,BOTTLE WB GLASS BOY 240 SLOW SIL,Non catégorisé,2182,2280,6,,,6036B9AB-42FD-459F-9FD9-7428868F8329
1063,ACON,Non catégorisé,0,0,0,,,E7B705F7-9727-4098-ABD2-746A560B922F
185,GRANIONS SOMMEIL CHRONO,Para-médical,2590,2690,3,,,64812467-52F0-4828-AD7E-74BA76AB1779
796,PEDIAKID GOMMES VITAMINS C 60 OURSONS,Vitamine,2410,2510,1,,,145C6298-AE44-45EA-896D-751224274310
474,FEBRILEX+SIROP JUNIOR 150 ML,Sirop,550,680,2,1/5/2028 12:00:00 AM,,2F7B5DC7-5826-4B2C-8908-753C614DA833
166,DOPPELHERZ AKTIV NACHT-KOMPLEX CAPS BT/30,Non catégorisé,1050,0,3,,1050000,ED6E4F14-4EC1-425A-8674-75E55832E308
992,AZITRO 200MG 15ML SUSP DR AZITHROMYCIN,Non catégorisé,680,800,7,,,1A94FC0C-35B6-4E15-BAFF-75EAA89F7F87
1090,CHICCO 0+ WELL BEING FER,Para-médical,1920,2950,21,,,C28914F7-B69D-402A-B664-76151C304D31
1182,ZYRTEC PED 1MG/ML BUV 60ML,Sirop,1850,1900,11,,,B373BFEF-356D-4310-8672-769EC0188B74
648,SULFATE MAGNESIUM BT20 SACHETS,Sachet,100,300,13,1/2/2028 12:00:00 AM,,52CDBF80-4B3C-49DB-AAC2-770B40CEDB10
374,DIFAL 50MG CPR B/30CP,Médicaments,240,500,46,1/7/2028 12:00:00 AM,,A44A764B-DE55-4510-9090-77181732C1CF
824,ADVILMED SUSP BUV ENF/BB FL/200MG,Non catégorisé,800,0,0,,,026A9186-6F91-45D9-B617-77220092E365
396,ADVILMED ENFANT ET NOURRISON 200ML,Non catégorisé,900,1000,47,1/7/2027 12:00:00 AM,,A21BF9B3-5FE6-402D-9D63-77299AD1BB37
346,ADIARIL PDR SACHET 7GB/10,Non catégorisé,2000,250,191,,,683A63C3-E014-4314-B2DA-7757A07540DF
790,DOPPELHERZ AKTIV COENZYME Q10+B-VIT 30CAP,Non catégorisé,1490,1590,3,,,D4B13E73-6DDA-452A-809C-775EC883DD22
351,ELUDRIL BAIN BOUCHEFL90ML,Médicaments,550,700,20,,,1C63ED65-562D-4317-8FB0-781FCF1A62CF
399,ALDOMET 250MG CPR BT30,Médicaments,800,900,6,1/2/2027 12:00:00 AM,,55B7D4C2-A370-4C4E-9863-785971E1992A
225,DOLI (DOLIPRANE) PEDIATRIQUE SUSP,Non catégorisé,500,0,4,,500000,F788FD04-429D-4A43-9DEE-786565D13DD0
58,DOLIPRANE 200MG SUPPO B10,Non catégorisé,0,500,17,,,89E7BB10-8563-4351-9018-7993AFE2F052
160,PEDIAKID DIAREA ETUI DE 7 SACHETS,Sachet,3160,3660,1,,,9A24431A-03FF-4F10-8859-79EE489F7975
661,LOXEN L.P 50MG GELULES BT60,Médicaments,4600,4700,12,,,4A599D1D-A3EA-4F6C-8F2C-79F9C180EC8E
1220,LEPTICUR GEL 10MG B 30,Médicaments,1600,1700,7,,,2D106A26-F22D-4483-981F-7A06C2582970
734,FORXIGA 10 MG TAB BT/28 DAPAGLIFLOZIN,Non catégorisé,5500,5600,0,1/6/2027 12:00:00 AM,,FD94F599-028A-4307-809B-7A107D968C67
481,GAVISCON SUSP BUV FL/250ML,Médicaments,1100,1200,2,1/10/2026 12:00:00 AM,,BF34BCE5-D188-4928-9F6B-7A18D2165AAD
754,BD MICRO FINE PLUS PEN NEEDLES 4MM,Sirop,5380,5500,1,,,9A45DF9B-926A-4188-BA83-7A1F34DBC002
488,GLUCOPHAGE 850MG CPR BT30,Non catégorisé,950,0,0,,,B768BDA0-E3FF-4E66-B2AB-7A26A891F48F
658,BASSIN AU LIT,Non catégorisé,1100,1100,2,,,541BBBC3-D782-445B-995B-7A376C5F4D5D
329,PRILIGY 30MG BT 3CPR0,Non catégorisé,10680,11000,1,,,E15183BD-6911-4D7A-B0FE-7A59B8D0866E
913,EVOLUDERM DEO ANTI-TRACE SPRAY 200ML,Non catégorisé,504,750,5,,,B8149E0B-5429-46B4-8CAE-7ACE135D43A5
948,CARTEOL COLLY 2%  FL3ML,Collyre,1830,1950,2,,,0E0A1D6B-AB10-4037-8824-7AF5DEDF5808
756,TEGRETOL LP 400MG CPR SECABLE 30,Non catégorisé,2250,1460,0,,,4F4EDC59-3F0E-45D9-B8A6-7B696006BB58
846,SOOTHER PH COMFORT PINK SIL 0-6M 1PC C,Non catégorisé,1200,1500,6,,,992680FF-A604-4E70-A1F7-7B7EA1CFA39A
1080,dermabel diprosone 30 gr pommad,Non catégorisé,1100,1200,5,,,409676DB-A3D0-4577-978D-7B9BAA3EFD21
1328,R8519,Non catégorisé,0,500,12,,,59A78B6F-732B-4517-8999-7BB7FFD61EA9
1171,BABY AGE PARFUN,Non catégorisé,0,750,0,,,8FE15CBE-BB5F-436F-ABE2-7BD409FD572D
1106,COQUELUSEDAL SUP NRS B/10,Suppositoire,1150,1000,20,,,4F5B539C-255D-404E-8A98-7C08594D27F3
802,CUTACNYL 5% GEL DERM 40G,Non catégorisé,830,900,10,,,73613DC3-3EC5-459F-8B94-7C5B78D3D14F
1065,BOITE CONTAINER,Para-médical,0,100,82,,,C6EC8DF7-05D8-4953-9489-7C7C5CCFB0ED
1329,R7444,Non catégorisé,0,550,11,,,657F1E7A-B375-4967-882A-7CD006FC4488
888,EVOLUDERM ANTI-IMPERFECTIONS GEL NETT.. PURIF. PP 250ML                                               ”,Non catégorisé,707,1060,3,,,7AFB0ABE-C606-41DE-8535-7CD1F5067202
327,NORMACOL LAVEMENT EN 60ML,Suppositoire,510,650,18,,,57F258A1-EBC9-4610-9785-7CDF77D6782B
1204,NEVXAL COLLYRE 0.1% 5ML,Non catégorisé,690,950,17,,,84867D97-899C-4CF6-9190-7CF5C597EA68
1129,AKTIV MAGNESSIUM,Non catégorisé,950,1050,2,,,31DD95BC-B817-4E84-8FBA-7DA545DAD8D0
564,SENSODYNE REPAR&PROTEGE BLANCHER DENT T/75ML,Dermo-cosmétique,700,1300,5,1/2/2027 12:00:00 AM,,6BBF9FDB-D772-4A9F-A2EB-7DD5FC404E60
259,DIAMICRON MR 60MG,Non catégorisé,1400,1850,5,,,6DB55429-FE99-4DD9-A488-7DEE39E3C18A
1146,CARBIGEN 5MG,Médicaments,500,550,10,,,D07BE382-F00B-4ECC-9F61-7DEF8FF381DE
1087,POT DE PRELEVEMENT KAOP,Non catégorisé,0,100,85,,,28F39691-DC61-44C8-9FC9-7E121FE841DA
1293,FAUTEUIL ROULANT (ALMUNIUM),Non catégorisé,30000,30100,3,,,18E0EC84-5091-44CE-ABBA-7E465B23099B
200,FUSIBACT 2% CREME TUB 15G00,Crème,700,800,5,,,01EA3959-9AD5-41D9-A753-7E4B41970F3F
902,3 ANNEAUX SAVON DE MARSEILLE MIEL 4X100GR),Non catégorisé,576,850,15,,,6484BA05-E3F7-4550-AE88-7E5709AC7BFD
1153,GLIBEN 5MG100 TB DAONIL,Non catégorisé,1150,1250,12,,,2DE80111-4375-4713-B907-7EDC0EF0AF74
90,CETIRIZINE MYLAN 10MG CAP,Non catégorisé,0,0,0,,,F49CA851-25F0-4F8A-B7BE-7EFB99043913
996,DELIX 5MG 28 TAB ( RAMPRIL),Médicaments,800,950,19,,,305599D5-2C1F-41DC-A7C5-7F2754EA8D12
1236,WELLBABY MUL VIT  LIQUIDE 150ML 4-12ANS,Non catégorisé,1130,1200,5,,,E14040CF-3568-47AC-B712-7F36210FE7F7
1118,AKTIV A-Z DEPOT,Vitamine,1300,1400,4,,,A3FD1CE1-1F6C-4684-8876-7F5581386B07
642,STERDEX POM OPHT . BT12,Collyre,1000,0,0,1/1/2028 12:00:00 AM,,5143C606-2499-4458-A2B9-7F8560AEB881
148,DOPPELHERZ AKTIV CONCEPTIVE FEMME 30CAPS,Non catégorisé,1680,0,5,,1680000,3EE9027A-2897-493B-B678-7F8DCA9EB2E0
110,NOVOMIX 30 FLEXPEN 100 I.UB1,Non catégorisé,3200,3300,2,,,E588CDB6-E816-414F-95EB-7F945E4AC090
513,LERCANIDIPINE MYLAN 20MG CPR B30,Médicaments,1650,1700,12,1/11/2027 12:00:00 AM,,F5B7E0AB-CDDA-4F19-9174-7FC11F0CDF09
845,TIRE-LAIT CLASSIC BREASPUMP 0 m+,Non catégorisé,4818,5300,5,,,3105621C-D9FA-408B-A731-7FD02FB20C1A
655,CANNE ANGLAISE EN FER,Para-médical,2500,2500,1,1/1/2030 12:00:00 AM,,50AD7746-BC8C-41EE-A460-7FD2886B7E19
98,VOLTARENE EMULGEL TB50GR,Crème,650,800,50,1/8/2027 12:00:00 AM,,612829FA-8C14-47E3-9A23-7FF02D936B68
138,DOPPELHERZ AKTIV MAGNESIUM+CALCIUM+POTASSIUM CPR,Médicaments,2000,2100,2,,,DE56A19D-3C2B-469A-A909-7FFBD1BC5AFB
918,EVOLUDERM MASQUE VISAGE CAROTTE TB 150 ML                                                        -,Non catégorisé,606,900,6,,,05839309-78EE-4AF6-9074-8023B0B7A69E
1295,porous capsicum plaster,Para-médical,0,150,28,,,13D98E3B-5D5C-4C9A-BEF7-8040EC0B24CA
1174,VOLTAREN 50 MG,Médicaments,0,1600,2,,,12DC5AFB-20DF-4885-855A-8041DEAF0443
970,ATORVASTATINE GRIS 10MG CP B3,Médicaments,900,1100,29,,,8EF244E7-5231-4467-A754-805DC8C378F5
1036,ASTAPH 125 MG/5ML,Sirop,0,850,8,,,FEB0441F-A51A-4790-9D05-808F6A9EE616
1050,LAROXYL CPR DRG 25 MG B 60,Non catégorisé,1550,1650,9,,,0FDF5BC5-BA22-440D-B427-809081D6D4AB
1067,MASQUE VISSAGE BLEU,Non catégorisé,0,20,81,,,94EECCCE-BA56-4CBD-9B10-8096692C3F5E
294,OTIPAX SOL QURIC GTT 16G,Non catégorisé,650,0,0,,650000,72D7B83C-C6C0-4E39-99EA-80FE52A0FE09
512,LERCANIDIPINE MYLAN 10MG CPR B30,Médicaments,1300,1450,10,1/10/2027 12:00:00 AM,,3EAD94C5-A33E-48DD-8F92-8115AA42FD0B
400,ALVITYL APPETIT SP FL/100ML,Non catégorisé,1200,0,0,,,F52A16D6-3575-495B-9790-813BA0B486E0
544,OTRIVIN BABY SALINE,Non catégorisé,400,500,10,,,5BAE5A3E-AD27-436D-A442-8144169C91FC
930,COLGATE BAD CLASSIC DEEP CLEAN MEDIUM,Non catégorisé,195,290,12,,,DDCE5003-E437-4161-B353-814E6F9532B2
464,EFFERALGAN 500MG GELULE B/16,Médicaments,400,430,5,1/9/2026 12:00:00 AM,,6DC4F34D-DAC0-41BA-B797-815882D4C90B
1001,COMPRESS STERIL LABELL 40*40BT10,Non catégorisé,470,0,0,,,8E34D5DC-AB96-4F3F-A09D-81E6FE25F0C9
1003,FLGUEN 50 MG/5ML PDRE SUSP BUV F/60ML,Non catégorisé,380,480,5,,,85B3E9D3-9004-49A2-8D9D-8227311FDD1B
1341,SLEEPY LAVANDER,Non catégorisé,0,400,12,,,0945F0B9-385A-45A5-98E3-82B387181725
1189,VERZOL SIROP,Sirop,350,400,30,,,B93C102E-DEB7-4603-A027-82B9870061F2
598,SERINGUE 3CC,Non catégorisé,45,50,18,,,C9553726-B4E1-4541-8C63-82F09E824D42
917,EVOLUDERM MASQUE VISAGE ARGILE ROUGE TB 150ML,Non catégorisé,606,900,6,,,6B554CC1-1FED-487E-8E23-83422A025010
675,ZYPREXA 10MG 28TAB,Non catégorisé,5100,5150,2,1/10/2027 12:00:00 AM,,3D952B6A-553D-4E53-BD8C-837718BCE50E
907,WHISKY SILVER MEN DEO. SPRAY 150 ML,Non catégorisé,525,750,6,,,C9918045-0C39-4B7F-88B6-8442E2E58EFA
608,ALFAMET 250MG 30TB DR – ALDOMET,Non catégorisé,950,0,0,,,8A91C86C-5053-4AAE-85F9-84491C89BDB3
413,ASPIRIN 100MG TAB 20 DR,Non catégorisé,450,0,0,,,1B4FD3BC-DA18-45BE-A30F-84502CD07F9C
1282,IMODIUM 2MG GELULES BT20,Non catégorisé,900,1000,12,9/1/2030 12:00:00 AM,,D95ED914-B308-4164-A7FA-845217C3A043
1089,CHICCO 0+ PERFECT EASY,Para-médical,1560,1660,0,,,9B13C24D-F6FD-41F1-9B10-846793AE6E24
990,ZITHROKAN  (AZITROMYCINE ) 200 MG /5 ML SUSP,Sirop,900,900,11,,,5F4BFEB9-86D6-48EA-9AB0-849D2431593A
224,MASK 3PLY B/50,Non catégorisé,450,0,10,,450000,A67EB34B-2926-45CF-8CC3-84A62ECA18E9
708,SPASFON CPR BT30,Non catégorisé,800,850,0,1/7/2030 12:00:00 AM,,E423C2A0-F767-439E-BC5D-84CF1C59AABE
1017,PROSTalen,Non catégorisé,0,2600,7,,,32FF3F9F-C147-41A6-AF79-851B1A854F35
1180,halatan,Non catégorisé,0,2230,0,,,CA21E77F-F8FD-460A-B25D-851FE806FEE1
998,SMECTA PDRE SACHE BT 10,Sachet,450,600,12,,,F6B8814E-8459-4204-AC74-8520FB6AD472
1116,BISEPTINE SPRAY,Para-médical,0,880,4,,,B70D8A36-84CE-4ED0-9A97-852FDFEFB04E
834,TAETS PERFECT 5 4M+FAST SIL 2PSC,Non catégorisé,1364,1470,6,,,9C67EB13-8284-4A02-863A-8581AADA0F6C
799,POUXIT XF ANTI-POUX ETV LENTES LOTION 200 ML,Non catégorisé,4540,4600,2,,,0D9172AA-EB1B-4827-8C46-85A5DC034E1F
623,POT DE PRELEVEMENT PM URINER,Para-médical,90,100,0,,,D57A4190-EA6D-4595-918F-85AD4912FBB4
216,FEBRILEX CPR POCHETTE/4,Non catégorisé,120,0,36,,120000,71F45DCB-FD5F-475A-904B-86C445559D3C
275,DOPPELHERZ AKTIV RIBOSAN FL/100ML,Non catégorisé,1050,1150,3,,,276B2D1F-EF9A-4C68-9AC9-86F74ABAF805
1102,"ELASTIC CREPE BANDAGE 7,5CM *4M",Para-médical,0,180,45,,,860F71BF-4907-4F95-8012-86F800F8152A
1274,CORTANCYL 20MG CPR BT20,Médicaments,1500,1600,15,,,8BBE5550-8A0F-4E66-A5DB-86FF61296D71
414,ASTAPH 125MG SP F/60ML (FR)1,Non catégorisé,750,0,0,,,7F6E27B8-4428-407D-BDA5-871B012E1E0D
1142,perviseur,Non catégorisé,0,100,90,,,A52E579D-C895-41D1-B4FE-8753410FCB4D
221,MAG 2 AMPOULE BUVABLE 30 AMP DE 10ML,Vitamine,1650,1900,56,,,64D66B28-8ECD-49C4-BAC2-8855D7BA64D0
877,FW GOLD LAIT ACTIF ANTI-VERGETURES FL.,Non catégorisé,1709,1880,6,,,8CAE5830-2E83-4F90-8BA5-88D1C7FE6FE6
962,RHINATHIOH 5% AD SP 125ML,Sirop,800,0,0,,,BF270F94-A8D7-4596-B057-896182C55B4E
1253,HCG TEST CASSETTE,Para-médical,400,500,50,,,230CF440-6B9C-49F7-A084-89661BC2573D
6,BANDAGE CONFORMING 5*4.5,Para-médical,50,100,31,1/8/2028 12:00:00 AM,,D4AF160C-EC6F-4994-9491-89755AFCACE1
181,TRAMADOL DENK/50MG B/10 CPR1,Médicaments,1100,1150,5,,,6C864D75-86CC-43AE-878C-89817B7237C2
51,FUCIDINE 2% POM T15G BUV,Non catégorisé,0,0,10,,,12CAC4C9-28E8-47FE-8A1F-89A30B99CF78
1097,CHICCO NATURAL BB HAIR,Para-médical,1160,1260,6,,,A7676AD3-FF06-4219-8765-8A098643766B
1256,PERFECT 5 PP GIRL 300,Non catégorisé,900,1100,0,,,0B4A298B-904E-4E0C-B1F1-8A265C8C6C3A
1081,VERMOX 500 MG CPR B/1,Non catégorisé,400,500,14,,,CA218DAB-0EB9-4899-B323-8A297C531542
485,GENTA 0.3% GTT CY FL5ML,Médicaments,850,650,17,1/6/2028 12:00:00 AM,,FA3636A8-9087-467A-AAD4-8ABAC566C281
1225,KNEE SUPPORT 18081,Non catégorisé,450,500,2,,,F8710C94-DD65-4661-B277-8B0C41A99062
219,DONORMYL 15MG CPR SECABLE 10,Non catégorisé,1350,0,10,,1350000,3F343173-9F64-4C7B-BF31-8B783C3B48B6
268,CARTEOL COLLY 2% FL3ML,Non catégorisé,1830,0,2,,1830000,DBB595AD-AE33-4EE8-9E53-8B88D059E524
207,COMPRESS PUR LABELL 40X40 PQ10,Non catégorisé,400,0,5,,400000,88DE88F2-8BA1-44CE-AED0-8BD988A27DB9
644,SIMVASTATINE MYLAN 20MG 28 CPR,Médicaments,750,530,3,1/7/2027 12:00:00 AM,,4A1648DF-8CDD-40D9-8757-8C237D02F672
1241,FINEGARD GEL,Non catégorisé,500,600,13,,,41474EFB-27D3-426C-AAB6-8C459CC5AE0B
1314,BEPANTHENE CREME,Crème,0,2500,10,,,8C3B6641-B7F7-478E-8E75-8C610A229FD1
255,NORLEVO CPR 1.5MG BT/1,Médicaments,1200,1350,11,1/4/2027 12:00:00 AM,,6995AAB5-6DF7-4F9B-AAD9-8C72C45A012D
938,SAPH310838/S GANTS EXFOLIATION DU CORPS,Non catégorisé,404,600,12,,,3820226E-B5E2-42F7-A815-8C87A9658B0C
184,ECONAZOLE MYLAN 1% CREME 30g TUBE/1,Non catégorisé,660,0,5,,660000,5577B175-60BA-4DFC-979E-8C97BEF889E8
760,XATRAL LP 10MG CPR B/30,Non catégorisé,4600,4700,0,1/8/2026 12:00:00 AM,,730082DE-2B31-4555-B390-8CDACF8A7824
1013,DONORMYL 15mg,Non catégorisé,0,1650,10,,,1CE0A063-1A6A-4242-AF9C-8CF68072E15D
947,ruban stérilisation rouleau,Non catégorisé,1500,0,20,,,CA60C805-D9FC-4C00-B0DA-8CFEA0EC540A
816,EFFERALGAN 1000MG CPR EFF 8,Médicaments,400,500,83,,,0AB5B95C-8911-4988-931C-8D54093A45DC
459,EAU DE MER ISO 100ML,Non catégorisé,2300,0,0,,,2F9862D9-20DD-4B84-88BE-8D7027E4F1D6
1010,COTON CODEX HYDRO LABELL ZIG ZIAG 100G,Non catégorisé,390,490,0,,,C0575B8E-D1FB-43BC-8A7D-8E022DF062B7
634,TOPALGIC LP CPR 100MG BT30,Médicaments,2450,2550,2,1/1/2028 12:00:00 AM,,094EFC3E-BB46-4867-A632-8E1245FA5AD2
168,TRIORELIEF GELULE B/24,Para-médical,450,450,49,,,D6D83E5D-EBA9-411D-8154-8E1AAC696942
1267,PICOT 3-3EME AGE,Lait,1200,1250,3,,,A0E25EEC-D1B0-4E60-95A2-8E58FB771805
1311,AMARYL 2 MG,Médicaments,0,900,9,,,171E5084-7398-47B1-9997-8E851D31DB67
980,MICROLAX BEBE GEL 3ML *4,Suppositoire,2000,550,15,,,80910685-6436-4162-9AA3-8EB1F6DB1118
246,HALDOL 5MG CPR B/30,Non catégorisé,990,1050,3,,990000,CC6B4443-A02E-4093-9C9E-8F04C4B5DE85
922,COLGATE DENTIFRICE TRIPLE ACTION 100ML,Non catégorisé,408,600,9,,,90DC3AB4-7ECC-4BCD-A20E-8FC279A35298
1098,CHICCO MASSAGGE,Non catégorisé,1500,1600,6,,,1E4FC300-9DA6-4B1B-90B2-8FF4CC65FC6D
1039,OLIGOBS ALLAITEMENT,Vitamine,3400,3500,0,,,FB8D90D9-E4C6-4642-844B-9009F4F36303
808,DOLIMEX PARACETAMOL SAXH 200MG B/12,Sachet,330,400,1,,,C09FB558-CDA5-443B-9FE1-90128C93D13F
1133,AKTIV OMEGA -3 SYRUP,Sirop,3150,3250,1,,,977ED36E-7BD1-4FD0-A204-901E7354B15C
108,DEXAMETHASONE 4MG CPR,Non catégorisé,0,0,0,,,26EFABBF-1474-4BCD-A9AC-904CA0EF3D4D
1270,OMEPRAZOL INJ,Para-médical,0,500,22,,,6B236778-2212-435B-866B-90573B345B48
1277,AVAMYS 27.5MG FL/120DOSES,Spray,1950,2000,5,,,2CD3B376-ABB7-4124-ACDB-908BF4DE8D7E
577,TIMOLOL SAN COLLY50 %  PC5ML,Collyre,1200,1250,2,1/4/2027 12:00:00 AM,,E287E8B3-6369-4AD9-8E60-90C4A0F7BC8E
518,LITACOLD SURUP F/100ML,Non catégorisé,500,0,0,,,61B4F0BC-619D-4E2D-98B8-9156C170FF8F
249,PONSTYL 250MG 20 GELULES,Non catégorisé,1300,1350,4,,1300000,A9D7F755-9D4B-4E66-8F38-917D64CA7A52
260,DIAMICRON MR 30MG/30TABLET,Non catégorisé,1440,0,0,,1440000,2FDA4869-9832-4160-940F-91993A153C44
129,DOPPELHERZ AKTIV SYS OPTIMAL EYE OMEGA-3 30TAB,Médicaments,2690,2790,3,,,19AA8469-B067-42DD-9E7E-91ACA1CCF3B8
101,AMLODIPINE ARROW 10MG CPR,Non catégorisé,0,0,0,,,77F7C423-F0D8-4F29-81B1-91F339877F7D
1163,FERLIX CAP B/50 *4 CES,Non catégorisé,0,130,0,,,8FA3540A-ADF1-4F4B-8899-91FD11622C32
1120,AKTIV CONCEPTION FOR WOMEN,Non catégorisé,1650,1750,5,,,AAF794A7-F251-4644-97D6-920CC625F3E0
1011,ELI  LICE SHAMPOO 300ML,Non catégorisé,0,2370,7,,,1909844D-C7D0-473A-888C-9217ABAA2882
61,DECONTRACTYL 250MG CPR,Médicaments,600,650,9,1/7/2027 12:00:00 AM,,980DF5CD-E81B-493F-BCF8-923DB3908698
293,XALATAN COLLY 0.005 1FL 2.5ML,Non catégorisé,2230,0,5,,2230000,79762990-B7D6-451C-ACE8-924CE89F3027
821,EFFERALGAN 500MG CPR EFF SECABLE 16,Non catégorisé,430,480,9,,,D3D938F5-A5E0-4833-8383-929727501803
820,QUADRIPOD CANE,Non catégorisé,2620,2720,1,,,8FD6581C-4A14-42B4-A2CC-92B6330679AD
1128,AKTIV MAGNESSIUM 500,Non catégorisé,2000,2100,3,,,9399BAE7-60BD-4D13-93AB-92E7581027D1
866,BPH SERUM ANTI-RIDES RETINOL SOML,Non catégorisé,1212,1800,6,,,13D8E37B-B679-42A7-A04C-9301D318430F
422,AUGMENTIN PDR EN 100 MG 60 ML,Sirop,1650,1800,11,,,8B7D93FF-F6B3-4E0A-96C1-938DFA73AED2
333,FASIGYNE CPR 500MG BT4,Non catégorisé,1200,0,0,,,E86BF180-01F5-4740-949B-93953F65F8C3
1325,R2678,Para-médical,0,300,120,,,F33A40A8-6D81-48A2-A144-93A7381EC05F
391,METROZAL 250MG CPSENROB. TAB,Non catégorisé,230,500,5,1/12/2027 12:00:00 AM,,375F449D-8739-4893-B97E-93C80C35E016
144,DOPPELHERZ AKTIV JOINTS 1200 ULTRA 30CAPS,Médicaments,1910,2000,3,,,8EDE4DDD-C5A5-4FD0-8379-93FEF0F3C4B5
271,LAMALINE VIATRIS 16 GELULES,Non catégorisé,700,0,5,,700000,14818CAE-0894-41D5-9A0A-93FF3466C04C
713,DEBRIDAT 100MG CPR BT/30,Non catégorisé,1350,1500,5,1/10/2026 12:00:00 AM,,AECC98BD-CEFF-4836-982B-9425F6BD641C
553,PASSEDYL ENF/BB SP FL125ML,Sirop,900,1050,0,1/2/2028 12:00:00 AM,,CDE79B97-E267-4EAF-9702-9439743C3BF5
602,SERINGUE 5 CC 21 G  (DR ),Non catégorisé,45,50,119,,,3425C668-7CF3-4849-886B-94499AD0AB2E
891,EVOLUDERM ANTI-IMPERFECTIONS 2EN1 NETTOYANT/MASQ     TB 150ML,Non catégorisé,605,900,6,,,34AC2EC3-0D1D-4D42-8B2E-9451270BBBA3
674,OLANZAPINE MYL 10MG 28CP,Non catégorisé,3200,3250,1,1/1/2028 12:00:00 AM,,23C44450-AA65-4F49-BE4A-945BBEF10A46
26,PARADEL CPR 2.5MG,Médicaments,1200,1300,0,1/11/2027 12:00:00 AM,,A529B674-4744-4779-9867-94917EAC5D20
186,GRANIONS DECONTRACTANT MUSCULAIRE FORT,Médicaments,1590,1690,2,,,E820D3C3-5996-4064-A9B8-94941AE271EE
971,ATORVASTATINE CRIS 20MG CP B30,Médicaments,1100,1800,28,,,EB1C1E69-3191-4450-9037-94959B236C21
550,PARODONTAX BLANCHEUR  GINGIV T/75ML,Non catégorisé,750,800,7,,,91026428-BE82-494A-8748-94B141D36AE8
69,VITAMINE C 500MG CPR/30 acroq,Médicaments,0,950,0,,,9B2E145F-498A-478D-92F2-94C59D499258
232,AZITRINE 500MG CP B/3,Médicaments,1350,1450,0,,,4F5F2ADA-7ACC-46B4-872C-94D716AAE3C9
418,ATACAND CPR 4MG B/30 (FR),Non catégorisé,3800,0,0,,,11D10B90-EE10-48DA-A9AE-94E8D65A68CB
1221,MONODOKS 100 MG 14 CAPS DR DOXYCYCLIN,Médicaments,900,1000,6,,,0E3F2BBC-2F93-4EEE-8657-954048A9AC7D
1275,CYTEAL SOL EXT.FL250ML,Non catégorisé,1200,1300,14,,,E7C2253C-3A83-4B82-8AF7-9547AF51D272
142,DOPPELHERZ AKTIV COENZYM Q10+B-VIT 30CAP,Non catégorisé,1490,0,3,,1490000,89DAF9C8-5555-4B8F-9517-9585CC6F5EBF
1127,AKTIV NACHT-KOMPLEX,Non catégorisé,1000,1100,3,,,32353225-5418-4448-B5E8-95974678E7B1
1148,DAPAKINE 500MG,Non catégorisé,2400,2500,2,,,E673CC46-F93C-44DB-AD21-959EF87DDB58
319,TEGRETOL LP 200MG CPR SECABLE 30,Médicaments,1310,1460,0,,,8048FB2D-0622-4FB8-BAE2-95A32FD5AEC1
569,SIMVASTATINE SANDOZ 40 MG 30 CPR,Non catégorisé,1600,0,0,,,584E131E-7B6C-4FFB-B730-95E3F7794B28
67,ALVITYL PLUS CPR ENROBES,Non catégorisé,0,1550,5,,,51B29292-26A1-4B8E-8076-95FDC18E7D01
1178,BIOHEALTH VIVOTRUM CHILDREN GUMMIES B/30,Non catégorisé,900,1000,15,,,0421C7F8-BBC3-43A4-9281-960165B78B48
266,LEVOTHYROX 100MG CPR B/30,Non catégorisé,690,700,12,,690000,7B246B90-32EE-4EF0-AA57-960F1F3C5079
80,VALDA DIET PAST BT FER 60,Para-médical,350,400,4,1/5/2028 12:00:00 AM,,1C64E564-C32C-4CDC-BEFE-9611B68F6239
365,METROZAL SUSP 120ML,Non catégorisé,250,300,10,1/3/2028 12:00:00 AM,,236FAD86-F8A7-4ADE-908E-9657BFA5D52C
825,FBOTTLE PERFECT EASY GL 150 SLOW UNI SIL,Non catégorisé,2500,2600,6,,,D07F57D5-1985-4361-8723-966D765F1A0F
1070,VORMOX SIROP,Sirop,0,700,17,,,45DE79A9-761B-4900-A122-9684AC67F2CB
397,AERIUS (FR) 5MG CPR B15,Médicaments,1850,1500,3,1/12/2026 12:00:00 AM,,1E8D9116-C1D2-4D60-BA56-96D0E6E1FC29
1268,JUVAMINE MAGNESIUM EFFERVESCENT,Vitamine,0,1200,9,,,7773CE39-20AE-4071-8886-9793E69C1839
665,MAXIDROL POM OPHT. TB3.5G,Médicaments,700,700,4,,,CF4DAE6D-A98E-4E77-A4DD-97A992CDC23A
175,MYCOSEDERMYL CREME NIT/ ECANAZOLE 1% 30G,Non catégorisé,830,0,10,,830000,CE834529-120C-411C-9A3F-97EA0330EDA1
561,SENSODYNE BAD PRECISION EXTRA SOUPLE,Non catégorisé,550,600,5,1/1/2029 12:00:00 AM,,3F08FC03-7DFE-403D-B09E-980247E366D2
919,COLGATE BAD ZIG ZAG SOFT,Non catégorisé,235,350,10,,,E0003A3E-E1D6-410A-8322-9805BF99DFDB
30,CELESTENE 2MG CPR DISP BT20,Médicaments,1100,1150,3,1/3/2027 12:00:00 AM,,655EAA57-CC8B-4C5A-918D-983B64FE6792
197,DOLIMEX PARACETAMOL SUPPO 250MG B/10,Suppositoire,290,400,9,,,688A2E26-5CEC-4A12-AC75-98FD9C0D89B0
725,ANTADYS 100MG CPR BT15,Non catégorisé,900,1000,0,1/2/2028 12:00:00 AM,,20F2FBF6-38FE-4D56-B0B3-99B24BA7F50A
646,PERFECTIL ORIGINAL TRIPLE ACTIVE,Médicaments,1080,0,0,1/6/2027 12:00:00 AM,,4FB081D4-038D-4C1B-A867-9A33E1DF39C4
381,NEOMOX 500 MG  PDR60 ML (CLAMOXYL ),Non catégorisé,370,600,13,1/2/2028 12:00:00 AM,,D0B763B3-2055-4C4E-ABBB-9A3866ECEC1D
958,GANT LATEX SIZE M/L B/100,Para-médical,1500,1600,9,,,04FC0045-46DC-46A8-BBFA-9A57CF46B430
748,CARDENSIEL 5MG CPR SECABLE 30,Médicaments,1230,1360,9,,,DF6CB397-0944-427F-9111-9A8FECC8DAD9
299,OMEPRAZOLE MYLAN 20MG BT/28,Non catégorisé,1050,0,0,,1050000,99137E42-6910-4735-8037-9AD54EBF5607
840,BM MASSAGE OIL 200ML SENSITIVE,Non catégorisé,1500,1600,6,,,BD70DC2C-661E-4B99-B88E-9AD6BB8D2B72
321,GLUCOSE INJ 5% 500ML,Non catégorisé,250,350,34,,,B60612C8-913F-4921-AD00-9AEEA671EEC5
1044,URINEX EGYO 24S S.G CAPS,Non catégorisé,600,700,20,,,E41718DF-38EA-4184-9B0C-9B275E092AEF
218,JANUMET 50/1000MG 56 FILM KAPLI TABLETS,Non catégorisé,2900,0,2,,2900000,5662C037-17A6-475B-A227-9B4F33420E8F
726,BETAMETHASONE GH 2MG CPR B/20,Non catégorisé,800,850,3,1/12/2026 12:00:00 AM,,B585B526-B1C3-4C48-BA58-9B98F9BE71F2
273,OROKEN 100MG/5ML SUSP0,Non catégorisé,2800,2850,0,,,14CB7600-9A86-46FB-B29A-9BB274DEFB60
1166,RIVAXIME (CEFIXIME) 200 MG B/5,Médicaments,700,800,1,,,B04F19CD-B87B-4E71-A463-9BE9A6ED95ED
457,DRENOXOL SIROP FL200ML,Non catégorisé,1000,0,0,,,A0095B3E-017B-426A-BAF6-9C4C326C707F
1141,matnida  injectable,Non catégorisé,0,750,0,,,600B321B-5AFB-482A-B1EB-9C96F545676B
929,COLGATE BAD PREMIER WHITE MEDIUM,Non catégorisé,262,390,12,,,5DCB94B4-1290-447A-AD65-9CB4C74DA736
828,BOTTLE WB PP WHITE GRL 250MED SIL,Non catégorisé,1636,1740,6,,,93C46C71-CFEC-4A60-A5E0-9CCB094CA793
155,DOPPELHERZ SYSTEM KOLLAGEN BEAUTY 30 AMP,Non catégorisé,10500,0,1,,10500000,4F2B4CFE-1F9A-4233-BE0E-9CD6005B1A7F
892,EVOLUDERM ANTI-IMPERFECTION GEL EXFOLIANT TB 150ML g,Non catégorisé,605,900,6,,,CDF8AC6B-C72C-4FEE-9A94-9CF3BD84EAC9
226,RHINATHIOL PROMETHAZINE SP 125ML,Sirop,990,800,23,,,B5FB575B-209D-4CCF-91D1-9D15D4CDCDB1
146,DOPPELHERZ AKTIV MEN ACTIVE 30CPS,Médicaments,2240,2540,5,,,E2404CEE-6CB0-4143-86B3-9D841EA6C2AF
209,FLUGEN 50MG/5ML PDRE SUSP BUV F/60ML,Non catégorisé,380,0,5,,380000,E928E88C-8B9E-4F32-880D-9D936F85C05D
472,ERY 500MG CPR BT20,Médicaments,1550,1800,10,1/10/2027 12:00:00 AM,,96E386C4-0419-4B5C-8C30-9DC2878C28AD
1260,BONCIPRO 0.3,Collyre,0,750,7,,,9A1F0A19-DB98-49CB-8C29-9E207FE5C75A
1105,GAVISCON SACHET BT24,Sachet,1500,1800,9,,,9E9BB040-C3DE-4A1F-AFD2-9E2F45A4DE27
1301,RINOMICINE 10MG SACH B/10,Non catégorisé,600,700,19,,,476713F6-3888-4114-BA4A-9E4E9F8C7828
412,ARTANE 5MG CPR BT50,Non catégorisé,700,850,0,,,67FC5757-C8F2-4C84-B7AB-9EEB0EAEE8D9
435,BRUFEN COLD 400 MG B/20TAB ( EGYPT ),Non catégorisé,800,0,0,,,1818D36B-79F2-4789-8C4A-9EF32E5DCD73
476,FERROSTRANE SP 125ML,Sirop,850,1100,25,1/8/2028 12:00:00 AM,,B04BCAF6-85E6-4E51-AF39-9EF57EDF1DAB
159,PEDIAKID COLICILLUS BEBE 8ML,Non catégorisé,3410,0,3,,3410000,172DFC51-3010-48B9-A32C-9F24E0DFF1AC
315,BD MICRO FINE PLUS PEN NEEDLES 4MM,Non catégorisé,5380,0,1,,5380000,13BCD0E0-7D82-491D-88CA-9F4C52BE4F72
25,OLANZAPINE MYLAN 5MG 28CPS,Médicaments,900,950,1,1/1/2028 12:00:00 AM,,69F88AEA-7EC2-4871-A1A5-9F50C54C6608
1208,GATISTAR COLLYRE 0.3% 5ML,Non catégorisé,950,1350,5,,,3DC1C4F2-A55B-46AB-B98F-9F556279B37D
15,CLARIVER TOUX NOCT AD 150ML,Sirop,1400,0,0,1/10/2026 12:00:00 AM,,AD51B513-8427-4B62-930E-9F6B0BC63E72
20,IXINE 100MG ENFANT (OROKEN),Médicaments,1050,1100,29,1/5/2028 12:00:00 AM,,A2B7D9EF-1460-4A20-BD42-9FC4224D8A89
344,VENOSMIL GEL 20MG 60G,Para-médical,760,840,5,,,C00C254A-482B-4382-A521-A040D2CCC887
1012,DONORMYL 15mg,Non catégorisé,0,1550,0,,,414136F7-B983-42D9-85F0-A0480136E10A
1086,"SERINGUE INSULIN 0,3ml",Non catégorisé,0,700,126,,,5CF7B547-FD1B-4580-A951-A0A24C485AC0
133,PEDIAKID TOUX SECHE&GRASSE 125ML,Non catégorisé,2410,0,15,,2410000,B23AD090-C72F-49B5-9181-A0B6F0F9B570
12,FLUDITEC SIROP 2% enf FL125ML,Sirop,670,750,11,2/1/2026 12:00:00 AM,,00DFC739-5DB8-4BEE-A6AD-A0D5DC4546A4
1199,FLUVERMAL SUSP BUV,Non catégorisé,1000,1100,5,,,20AC9E02-02F8-49AB-A9EE-A106C82BB023
7,TENSOPLAST 2.5MX8CM,Para-médical,1150,1400,23,1/1/2028 12:00:00 AM,,695DEF19-A28C-412E-8605-A175DA84D741
793,MYCOSTER CREM DERM 1 TB 30G,Dermo-cosmétique,970,1000,0,,,5EAA43C6-468D-4E01-B1E9-A180CA92FA94
1302,LABELLO NIVEA LIP CARE,Non catégorisé,300,400,60,,,FEF04C6F-E22D-48D6-83A5-A1B07249F48E
1055,fucidine 2% creme 15g,Crème,700,850,25,,,B99E6E92-FD9E-4FF3-9540-A21CE55FE4DF
487,GLUCOPHAGE 500MG CPR BT30,Médicaments,350,400,0,1/1/2029 12:00:00 AM,,0755C7BE-1D9C-479C-8D61-A22F333D9BB4
289,NOVOMIX 30FLEXPEN 5*3ML,Non catégorisé,9770,0,2,,9770000,1F6D52C0-5F9D-4FC5-9E9E-A236C9EB7407
977,XARELTO 20 M,Médicaments,4500,5400,13,,,EF3077F0-157F-45C2-810C-A258CDC8DD62
189,PEDIAKID GOMMES MULTVITAMINEES 60OURSONS,Non catégorisé,2410,0,2,,2410000,C01EE659-AB64-47B7-90DB-A25D0C020CB5
1165,KETORAL 100ML  SHAMPOO,Para-médical,1200,1250,15,,,F5B7BD62-8211-49FC-80E8-A28DC7B3CF12
817,URINOIR PORTABLE POUR FEMME,Non catégorisé,1150,0,0,,,D1F46EEA-CE74-4D03-908E-A2CAE05426E2
702,HUMEX COLLUT SPRAT SS FL/35ML FR,Sirop,850,900,0,,,8D335E1B-D2C5-4F62-852E-A35AD45889ED
360,FINASTERIDE MYLAN 5MG 28 CPR,Non catégorisé,2400,0,0,,,E213CB76-626F-4282-9F1E-A3DCF435807A
447,CLAMOXYL PDR SP 500MG 12 DOS,Médicaments,550,660,0,1/9/2027 12:00:00 AM,,588EFC6E-A3E4-4E75-B3F6-A43706922887
370,PREGNACARE CONCEPTION 30TAB,Vitamine,1050,1450,7,,,E0BE6A58-4F20-465F-BE70-A4398DD8B504
105,GLUCOPHAGE 500MG CPR,Non catégorisé,0,0,0,,,0131D12F-43C8-41D9-B034-A45EF0579320
196,EFFIZINC 15MG GELU BT 60,Non catégorisé,2660,0,2,,2660000,A1438ABB-D085-4CA8-9CAB-A47245002896
1250,TAMSULOSINE CRISTER 0.4MG LP 30 GEL,Médicaments,1400,1500,18,,,48D24C89-61E7-487C-B3B6-A4B825B0FB59
595,CATHETER BLUE 22,Non catégorisé,150,0,0,,,CCAEB606-7DD0-4B84-86DF-A4D038DF75F5
87,OMEPRAZOLE MYLAN 20 MG 28 GEL,Médicaments,1250,1300,0,,,B75C4627-9C4D-44E6-8A40-A4EC46693521
136,NYSTAMAX 100 000 IU/ML SUS BUV FL 30ML,Non catégorisé,650,0,10,,650000,2198A403-A87F-4334-814A-A4FF59C900A0
1248,VESICARE 5MG 30TB/DR,Non catégorisé,2100,2200,5,,,9C4BC244-7E63-4F84-834A-A5771EF602B8
153,GRANIONS CHONDROSTÉO COLLAGÈNE MARIN POUDRE 280G,Non catégorisé,6660,0,2,,6660000,3DB3ECB9-6BBC-4948-8FDA-A59B57F740E2
222,[LATEX SIZE M/L] GANT LATEX SIZE (M) (L) B/100,Non catégorisé,1500,0,10,,1500000,3ABD9E8C-6413-4407-9A8B-A5D52272922E
362,PERVITAL CPR B/20,Non catégorisé,350,700,30,1/2/2028 12:00:00 AM,,832D57A9-875E-49DC-82CA-A6138A5E6578
776,BIAFINE EMULS CUTANE TUBE 93G,Para-médical,690,850,9,,,A5112C92-D98C-4835-8ED0-A627FFC156B0
903,3 ANNEAUX SAVON DE MARSEILLE ORIGINAL 4X100GR,Non catégorisé,576,850,15,,,AF8EF73E-9E82-4AB6-9F82-A634622B74A5
262,AMLOR 10MG GELULE 30,Non catégorisé,1710,0,4,,1710000,6CC578F1-0ADC-458B-A1C3-A66BB0B2A7E7
1156,BI PROFENID 100 MG 20TB DR,Non catégorisé,900,1100,9,,,73A74D7C-E532-489A-8040-A6872CBD29DC
1068,MASQUE VISSAGE NOIR,Non catégorisé,0,30,68,,,7754810C-B061-4383-B7E6-A690EF20B07C
449,CODOLIPRANE 400MG CPR BT/16,Non catégorisé,700,0,0,,,F0B7A70E-DD88-419B-B188-A693BACDC89D
1109,KAPTOPRIL 25MG 50 TB,Non catégorisé,1250,1350,10,,,910C7E28-FA3C-4BF9-AC58-A6A45E6A2813
45,HUMEX COLLUT SPRAY SS FL/35ML FR50,Sirop,850,900,0,1/6/2027 12:00:00 AM,,58249134-532A-456B-9EB9-A6AF75D0D3EF
1099,CHICCO TALCUM POU,Non catégorisé,1060,1160,4,,,E83CEF0D-19BC-4A8B-9CD6-A6C691D867DD
951,GENTAMICINE PAN INJ 80MG /2ML,Para-médical,1980,2100,5,,,F649FAC7-0C50-47AD-BEDE-A7A8725DB65B
939,GILLETTE BLUE 3 RASOIR 4+1 SENSITIVE,Non catégorisé,783,1170,6,,,9CB54326-3209-444A-906A-A82C7EBA5E6B
1339,SLEEPY APPLE,Non catégorisé,0,400,12,,,6E85A580-369B-42EC-9B34-A87CB40D1DFE
987,INNOTEX COCKTAIL 1*3,Para-médical,300,350,44,,,3CF7FF50-A641-4D32-A78F-A8FA352937BB
1237,JANUMET 50/850 MG 56 TAB,Médicaments,0,3700,5,,,A8C89968-66BF-4D2E-8F47-A92D25D9E993
41,TERBINAFINE MYLAN 250MG 28CP5,Médicaments,3550,3600,2,1/3/2027 12:00:00 AM,,2C6C4B3A-DF40-4C44-B0E3-A943506080A8
1113,coversyl 5 mg,Non catégorisé,0,3900,5,,,177DE0ED-5EEA-4807-9BE3-A94BA44CF15A
190,PEDIAKID GOMMES IMMUNITE 60OURSONS,Non catégorisé,2410,0,2,,2410000,58D18DC6-9D2F-48BE-89C3-A97B97185B64
149,DOPPELHERZ AKTIV HAEMO VITAL 30TAB,Non catégorisé,1130,0,3,,1130000,2B0AB32F-29F3-4BEA-A7B9-A9A37D17038C
1291,BIOHEALTH CALCIUM+VITD3 EFF B/20,Non catégorisé,800,900,12,,,94E8DAFB-7D87-4FFE-9725-A9CF2B73FE8D
380,MUCOCIL  SIROP ADFL125ML,Non catégorisé,330,700,25,1/1/2028 12:00:00 AM,,8EDF019E-6065-4ADD-807C-AA01391AED12
1008,COTON CODEX HYDRO LABELL ZIG ZIAG 100G,Non catégorisé,390,490,14,,,CF609A0F-1B7E-497B-B30F-AA64975804BC
427,BACTRIM AD CPR BT30( DR)0,Non catégorisé,1050,1150,4,,,036BB7F7-7B91-4790-9453-AABFA6D869C2
1123,AKTIV IMMUNO DEPOT,Non catégorisé,1250,1350,2,,,DD9A9EBE-380A-46EB-8CBB-AAEB12696506
814,DICLO-DENK 100MG B/10SUPP,Médicaments,780,830,2,,,2332D18A-1CD1-4B83-83A9-AB6A563424D8
456,DOLIPRANE VIT C EFFE 500MG CPR B16,Non catégorisé,600,0,0,,,79611DB4-112E-4B22-AD84-AB909D09337C
758,CATHATER COURT IV 22GBLEU,Non catégorisé,70,100,98,,,09BE7B58-1D0B-44C9-8723-AC56FC13369F
212,DOPPELHERZ AKTIV A-Z MULTIVIT+MINERALIEN 15 EFF,Non catégorisé,1020,0,3,,1020000,17FB78B5-8E9A-4908-A8F3-AC7349C5BBFA
1043,"LOCODERM 0,1% CREM 30G",Non catégorisé,900,1200,21,,,9A1FAAB5-90BC-44B4-AC6C-AC75F261597C
1348,MINIDRIL CPR BT1*21,Non catégorisé,0,750,10,,,C564FAC3-516B-4C5B-998F-AC80F7ABF865
430,BETASTENE GH 0.05% GETTE BUV F/30ML,Sirop,850,1400,20,,,622641E0-D8E2-480B-8D7C-AC89348756EF
1337,R9059,Non catégorisé,0,250,12,,,9D581434-1C15-432F-AC6C-ACA031D9E370
1131,AKTIV OMEGA -3,Non catégorisé,1500,1600,0,,,EE8AD542-E75C-4C95-8277-ACA73F267F64
1085,"SERINGUE INSULIN 0,,5 ML",Para-médical,0,600,138,,,4AB1D746-420C-4D63-AC91-ACCAD0377BC3
676,UTROGESTAN CAPS O/V 200MG B12,Vitamine,1950,2500,2,1/10/2027 12:00:00 AM,,04B2A0C6-419C-46B8-8A7A-ACCD00CEBDDB
768,FLAMMAZINE CREME TB50GR,Crème,1000,1500,10,,,8D718F45-AEC3-4A2E-BDC8-ACED2DE38D34
467,EFFERALGAN NN 80MG SACHET BT12,Non catégorisé,300,0,0,,,352CE5EE-1DA9-4653-BD07-ACFE3552CA14
843,GOUPILLON POUR BIBERON,Non catégorisé,1500,1600,6,,,DFFDE108-1688-4BF7-B68A-AD0E0AE5544A
1284,OTRIVINE 0.1% AD GTE NAS/10ML,Non catégorisé,600,700,9,,,924BFB23-FB68-4A45-8D9C-AD1E43C40410
685,PERFECTIL ORIGINAL TRIPLE ACTIVE,Vitamine,1080,1450,4,1/7/2027 12:00:00 AM,,660CCB2F-805F-48A3-AD37-AD2E1C59DB7E
1251,BACK SUPPORT YC7815,Non catégorisé,4000,4100,3,,,C2B42F41-F72A-4FBB-BEC4-AD32473398C6
585,UVESTEROL ADEC FL10ML,Non catégorisé,600,650,22,1/5/2026 12:00:00 AM,,FB190D40-D44D-4EEB-93B3-AD75D3F9EA54
630,APPAREIL ON CAL PLUS,Para-médical,3000,3500,8,,,57300BEF-5216-4C72-9376-AD805DA4815D
437,CALCIBORONATE CPR EFFER BT20,Non catégorisé,900,0,0,,,095BA229-75C4-48AA-9910-AD87073B25FB
960,DOLIPRNE PEDIATRIQUE SUSP,Suppositoire,500,600,4,,,CA85EAF9-BA66-4537-B82C-AD8BEB02C331
1210,CO AVAZIR POMMADE OPHTALMIQUE STERILE 5ML,Non catégorisé,720,950,5,,,8DBDE9A3-2981-4646-BE27-AD993F281D46
933,EVOLUDERM LAIT CORPS COCO POMPE 500 ML,Non catégorisé,660,980,2,,,021DCE03-ED15-4961-9159-ADB344C6209A
19,IXINE 40MG NRS (OROKEN),Médicaments,800,950,16,1/5/2028 12:00:00 AM,,62E3F050-3174-405D-8702-ADE04BEC074D
755,TEGRETOL CR 200MG 20TB,Non catégorisé,1250,1350,0,,,F282F9E7-2811-4FFF-8932-AE9659361CAC
236,CARBOSYLANE GELU AD BT2X24DOS,Non catégorisé,2790,2850,4,,,C9EC8706-0AF9-4951-9CCB-AED61223A953
715,ATARAX 25MG CPR B/30,Non catégorisé,650,850,14,1/4/2029 12:00:00 AM,,D86B93FE-DFAA-4BD8-A7EF-AEE97EE8C19B
707,NOSPA 40MG CPR BT20,Médicaments,600,700,40,1/11/2027 12:00:00 AM,,EE8DF9C4-2703-4ECB-90A8-AEF320437A15
57,NOURRISON 200ML,Non catégorisé,0,0,20,,,97BACA70-2AEA-4A51-A574-AF59B8DBAA6E
40,TRIALGIC GEL B24,Médicaments,650,750,98,1/3/2028 12:00:00 AM,,D947DFCF-0349-4DD8-BD77-AF6F811B8395
9,ORPLEX SYRUP,Sirop,500,550,5,1/6/2026 12:00:00 AM,,D3DDC2FC-B7D5-4304-80A6-AFB50EDB355F
559,PROSTALEN ( ALFUZOSINE HYDROCHLORIE) TAB,Non catégorisé,2350,0,0,,,9C428566-2A8A-44B2-AE93-AFE141CB66E2
117,DOLIMEX PARACETAMOL SUPPO 125MG B/10,Suppositoire,300,400,4,,,2EF2BCA7-F4AE-42A7-B797-AFE34EF49D8F
1297,AKLOVIR 200MG 25 TB (ACICLOVIR),Médicaments,1350,1450,5,,,A6AAC6BA-8DB0-43C4-88A6-AFED16BA2263
2,PROFENID 100MG CPR BT30,Médicaments,1950,2050,8,1/12/2027 12:00:00 AM,,22BF5BE9-0A8D-4E47-8B6A-B0366DEEB803
687,ONCEAIR MONTELUKAST 4MG SACH 28,Sachet,1450,0,0,1/6/2027 12:00:00 AM,,8A0BB96E-D7C6-4789-857B-B04237E6C2C4
868,BPH CREME ANTI-TACI-tES NIACINAMIDE SOML,Non catégorisé,1009,1500,6,,,C2E4C9DC-B091-4FED-B0E1-B0A3FDA0132A
203,DOLO-DENK GEL 20G,Non catégorisé,660,0,5,,660000,DA4A19C1-DA14-40A9-99E4-B0C97A26E534
803,DOLO-DENK GEL 20G,Para-médical,660,700,5,,,5719CDAB-9689-4EB3-AF68-B10643A6E403
649,FERVEX ADULTE SACHET BT8,Sachet,760,950,10,1/9/2027 12:00:00 AM,,1ABCA3AB-DB67-4C86-97DD-B1131443FD63
572,TAVANIC 500MG 7TB DR,Non catégorisé,1450,0,0,,,81CD0F53-E54E-42D5-893C-B117DF251ABA
620,OPTICRON COLLYRE FL5 ML,Sachet,950,1050,2,,,AEB888EF-DACE-4160-AC71-B1682724AD2E
1264,BANDAGE CREP LABELL CELLO 4M*10CM,Para-médical,260,350,29,,,C0DB24D9-A27C-4103-81A1-B16E896431CF
537,NURAVIT SP FL125ML,Sirop,850,950,38,1/6/2027 12:00:00 AM,,0FE09EEF-6D20-4C66-9753-B17E8EA5CB5C
677,LUTENYL 5MG CPR SEC .BT10,Médicaments,1450,1500,0,1/9/2029 12:00:00 AM,,179E5A7E-A0EE-491F-8FC6-B1ECBBF28F79
782,GRANIONS MAGNESIUM MAX 360MG,Médicaments,3040,3100,1,,,48CA2316-409A-49ED-92C3-B20D6C65D2C2
1316,DEROXAT 20MG CP,Médicaments,0,1100,4,,,E2A62F0E-BE5C-4805-A5FB-B23ADCDC4F83
300,OROCAL VITAMINE D3 500MG/400 U.I 60 CPR,Non catégorisé,1970,0,3,,1970000,F9B8783A-C356-44CE-97B6-B2423B34DC8D
597,CATHETER ROSE 20G DR,Non catégorisé,150,0,0,,,A0EAFA5F-A91F-455D-80BF-B25D3C69774B
21,VENTOLINE SIROP FL/150ML DR,Sirop,700,800,5,1/12/2026 12:00:00 AM,,2D3EBE68-9EA1-4CC2-BE0C-B26E4B91501D
604,SNAKE VENOM ANTISERUM L P,Non catégorisé,2900,0,0,,,FBBB7D52-ADB8-4BD4-B371-B2B151470DC2
853,EVOLUDERM LAIT ACTION TACHES ORANGE POMPE 500 ML,Non catégorisé,990,1300,5,,,A15FCC7A-D8C7-4741-8397-B2B32FA025D7
1273,CEFTRIAXONE INJ 1 AMERICIAN,Sirop,700,800,20,,,5B698DAB-517C-44BF-8CF0-B2F499FC82D4
519,LORATADINE ARROW 10MG CP B/7,Non catégorisé,700,800,26,,,1A604AC5-3F4F-4150-9D0D-B3079D0A47A2
89,ATARAX 25MG CPR B/30,Médicaments,650,750,0,,,43648DED-D629-4484-9E5F-B32D2C83B1E6
215,COTON CODEX HYDRO LABELL ZIG-ZAG100G,Non catégorisé,390,0,0,,390000,2005C3A9-4480-4734-B300-B3C2BE9B5718
652,SIMVA-DENK 40MG B/30 (SIMVASTATIN),Médicaments,3200,3300,2,1/11/2027 12:00:00 AM,,F5852A4A-69F5-4DAC-945E-B3CC9F0B3196
201,PHENERGAN 2% CREME 30G,Crème,650,780,4,,,3AF5D844-7BCC-4BFC-A59E-B3E93E4730CA
130,DOPPELHERZ KOLLAGEN 1000 TAB/30,Médicaments,1900,2000,5,,,C9B309B2-1DF8-441D-8A01-B3F081AF618A
1084,BYPHASSE NIACINAMIDE CREME ANTI TACHE,Dermo-cosmétique,0,1800,1,,,6BD8FC5A-9416-44E6-866E-B47EC608CE07
786,DOPPELHERZ AKTIV KINDER OMEGA-3 SP 250ML,Non catégorisé,3190,3290,2,,,3DA4DD73-9697-4B03-B3C4-B4A0BDE20A9D
277,100ML,Non catégorisé,0,0,0,,,7A0327A6-154E-4FA0-A603-B4B40372B47A
495,INDOCID 25MG GEL BT30,Non catégorisé,950,0,0,,,8A2E536F-1889-4EB7-8C4A-B4D33274A608
56,EFFERALGAN 150MG SUPP,Non catégorisé,0,0,0,,,E2650885-D263-44C7-BB0E-B5218CE6069A
842,BABY HAIR & BODY CLEANSER NAT SENS 200ML,Non catégorisé,1318,1420,6,,,EA3D7C3E-6A70-49F6-8627-B525D6A76217
62,OFLOCET GTTS AURICULAIRE,Non catégorisé,0,0,0,,,70AD4A27-8766-4269-AC6C-B5457877428D
849,EVOLUDERM HUILE DE KARITE FL 100ML,Non catégorisé,629,900,3,,,AE5C9AE7-7DF4-4599-9688-B55E99416B84
961,DOLIPRANE PEDIATRIQUE SUSP,Suppositoire,500,550,2,,,4467EAF7-195D-4608-980B-B6132299B33F
429,BEKUNIS(DULCLUX) 30 D,Non catégorisé,900,1000,13,,,4DB25907-297A-4DBB-99A6-B6391EF1A9A6
762,BONCIPRO 500MG B/20,Non catégorisé,1400,1550,19,1/1/2028 12:00:00 AM,,BBBDA1D2-1A06-4AE2-9BBF-B666A4A6DF68
402,ALVITYL SIROP 150 ML (FR),Sirop,1350,1700,21,1/6/2027 12:00:00 AM,,9C9EF55F-A098-4739-80B7-B742674C5CCC
600,SERINGUE 2.5 CC DR,Non catégorisé,30,0,0,,,DB5E9429-6FD3-4720-848E-B779CCC4D3AD
1211,CO-AVAZIR 0.3% 0.1% COLLYRE 5ML,Non catégorisé,480,950,7,,,C20AC93F-19E1-4DDE-A25E-B7D36FE356A6
361,ECOREX 150 MG OVULES B/3  (GYNO-PEVARYL),Non catégorisé,1100,1200,10,,,8519561E-9A8E-483C-B73B-B7D97BF0C9DC
1240,NORODOL 5MG,Médicaments,0,1300,10,,,FDBF7876-5DD0-4BBA-891F-B8210CA11F24
325,TOPLEXIL SP 150ML 0.33MG/ML,Non catégorisé,790,0,100,,790000,0D94291C-1A25-42CE-91F2-B867A65F435A
978,XARELTO 15MG 28 DR,Non catégorisé,5700,5800,1,,,D33F48A0-A366-4387-898F-B8BA95019A1A
643,DEPAKINE 500MG 40CPR,Médicaments,2400,2500,9,1/4/2028 12:00:00 AM,,272BD731-6F9F-481A-B7F2-B8BD451264B4
1299,HEXIDYL BB 200 ML,Non catégorisé,350,600,29,,,0AFD5A16-5626-4722-B9CD-B8E2FBE09E1D
923,COLGATE DENTIFRICE HERBAL 100ML,Non catégorisé,408,600,8,,,F9887031-F57E-4FC7-83CA-B8EE14E7A9DB
424,AZARGA(COSOPT) 10MG/+5ML /5ML COLLY (FR),Non catégorisé,5200,0,0,,,33157A3C-4596-4F69-99EA-B8FA272BE592
1223,ANKLE SUPPORT SBK 4655,Non catégorisé,700,800,3,,,A4A067E1-D4AA-4715-80A4-B98057050AF9
942,nifedi-denk 20 mg cp,Non catégorisé,1370,0,0,,,8719DA79-0FF2-4EF7-B52F-B99854719390
621,GRISEFULINE 250MG CPR BT30,Médicaments,950,1100,28,,,43E4F2DD-3512-4524-8869-B9DC63509422
1007,DUPHALAC SACH DOSE 15ML BT 20,Non catégorisé,930,0,0,,,5C4D6F3D-F223-40E5-81F1-BA2DD29ED5EA
749,METRONIDAZOLE INJ 500MG/100ML 100ML,Médicaments,350,750,44,,,ACABD3F8-F42D-410F-AE82-BAF455CE92B7
242,ZYLPREX 10MG B/10TAB,Médicaments,590,650,11,,,D26CCF2C-6544-4EAB-9682-BB6FA65CF204
573,TEGRETOL SUSP BUV FL150ML,Non catégorisé,1600,0,0,,,A8736EDE-AA91-4620-A70C-BBA3977ACA41
357,RIVACLAV 312.5MG SUSP 80ML,Non catégorisé,1350,0,0,,,7AD12A12-0993-4457-B02D-BBCFDB20E986
548,PARODANTAX FRAICHER INTENSE/75ML,Non catégorisé,1350,1350,9,,,7B7A4BFB-F7DB-4CE7-9DC9-BBD65E9B811C
1157,SEROQUEL 25 MG TB DR,Non catégorisé,1300,1350,2,,,C281B53A-7BA9-457A-8713-BBF1A17B4DE4
874,FW ORIGINAL GLUTAT ON CREME TB.50 ML,Non catégorisé,790,1100,11,,,055E1370-4A0F-40AA-9EC3-BC04087410D5
704,AZITRO 250MG 6TB DR AZITROMYCIN,Non catégorisé,800,850,0,1/1/2029 12:00:00 AM,,E5B20807-290D-4B4E-976E-BC1AA737EF53
737,PROFENID 100MG CPR BT30,Non catégorisé,1950,2100,1,1/12/2027 12:00:00 AM,,D19209F9-30F6-4E1E-958C-BC4BB3F9CF98
313,CIPROFLOXACINE INFUSION 200MG/100ML DENIS,Non catégorisé,350,0,20,,350000,686DC219-4D09-4729-8D48-BC68AF8DEB7A
1278,DULCOLAX CP B/40,Médicaments,1550,1650,33,,,000C1164-AF27-44B8-A689-BCBE102290B7
239,MAALOX CPR 400MG-400MG B/40,Médicaments,750,800,6,,,791F0369-368E-4CEE-A1C1-BD84AAEDF762
187,GRANIONS VEINOMIX FORT,Médicaments,2040,2140,2,,,2A3061F0-988B-4F47-AFF7-BDD91E2E4CA9
720,DICYNONE EGY 500MG BT/20,Non catégorisé,900,1000,3,1/6/2027 12:00:00 AM,,22E40F9E-875A-4063-9E20-BE3E9EDB0D5D
666,ASPEGIC NOUR 100MG SACH BT/20,Sachet,700,850,71,1/9/2026 12:00:00 AM,,D99EE4F3-CC50-473A-9301-BE7C236AA600
989,FLAGYL SIROP FL 120ML DR,Sirop,700,900,77,,,5FBC0FD6-247B-4CAC-8702-BE7C8E79FDFF
1078,enapril 5mg 20 tab dr,Non catégorisé,850,1050,4,,,6FF9F17F-F93E-403D-98F0-BE811A0B2F5B
641,CIPRO 0.3 COLLYRE FL5 ML,Collyre,800,950,4,1/8/2026 12:00:00 AM,,D8DADE46-FA40-436D-BECE-BEE5EAE30218
683,VASELINE GUAZE 10CMX10CM B/10 TULLE GRAS,Para-médical,500,550,2,1/9/2030 12:00:00 AM,,E8EF3625-AAEC-49F3-BF76-BF139A32E7D5
1024,BETA-M FINE,Non catégorisé,750,850,11,,,5AEE23A6-5198-4446-9383-BF1F533C6E21
759,TOPLEXIL SP 150ML 0.33 MG/ML,Non catégorisé,790,0,0,,,77643FFB-31BF-4390-B51F-BF31620E3978
775,BEMDLE 400MG CPR BT1,Non catégorisé,300,350,50,,,87A7AC02-04E8-41BA-A26F-BF826599ED2E
886,EVOLUDERM GEL DOUCHE HUILE PRECIEUSE SOOML,Non catégorisé,659,980,3,,,A2BF92BF-C0ED-451D-A553-BF890F3D9358
534,NOZINAN CPR 25MG BT20,Médicaments,900,1150,3,1/1/2030 12:00:00 AM,,CF62506D-2E5F-4CAC-B05F-BF8BF70297F6
145,DOPPELHERZ A-Z DEPOT 30TAB,Non catégorisé,1310,0,5,,1310000,B3471C5B-33A9-4F44-A669-BF90ABE2B2B4
1168,IPROFENE 100MG/5ML 100ML,Non catégorisé,0,900,6,,,F2AEFC27-FFFD-43ED-A721-BFB4178EDB4F
811,NIDAZOL 500MG OV B/10,Non catégorisé,750,800,2,,,B5283F77-BA75-4C5A-B9BE-BFC311DB0528
984,GLYSS BEBE SUPPO B10,Suppositoire,350,500,12,,,B922F64E-5927-4AB6-A8A1-BFD4196D893C
982,FERVEX ENFANT SS SUC 8 SAHET,Non catégorisé,850,0,0,,,E9D703A0-4CCD-4BEF-A607-BFDF7AAC6133
37,AMAREL 2MG CPR BT30,Non catégorisé,0,0,0,,,3C7FABEA-3A46-4827-B8F8-C11E74C67E68
465,EFFERALGAN CODEINE EFF  CPR BT16,Non catégorisé,700,800,20,,,19BD0398-2E6D-42A1-9DA8-C19E6792B3A7
682,METHOTREXATE 2.5MG 100TAB,Non catégorisé,950,1000,1,1/10/2026 12:00:00 AM,,1363700C-BF86-4A22-BCB4-C1BB94814F0F
274,PANSORAL GEL BUCCAL ADULT TUB 15G,Non catégorisé,1990,0,3,,1990000,09B6411D-E906-4470-9A74-C1BCA522D6B0
1198,CUTACNYL 2.5% GEL TB 40MG,Non catégorisé,750,850,3,,,95A6A22F-5D50-448C-89B9-C23E30CFD12C
78,MULTIVIT EXTRA ACTIV LAP B/20 EFF,Vitamine,0,750,5,,,89F2C2C8-23EE-477B-92E8-C28909FDE8B3
1032,SÛSSINQ,Non catégorisé,0,1450,29,,,8478AB3E-2209-4B39-9E86-C2B78BDD3E93
885,EVOLUDERM GEL DOUCHE LAVANDE 500,Non catégorisé,659,980,3,,,C8FFEFB2-6463-418F-9329-C2DE768FC72C
1285,OFLOXACINE GH 200MG CPR BT10,Non catégorisé,1300,1400,10,,,30E2810C-FAA7-4FCD-B684-C31059676EDE
163,PEDIAKID APPETIT TONUS SIROP 125ML,Sirop,2700,2600,22,,,9B70C585-49ED-48D1-A227-C3578F72CECB
112,INSULINE MIXTARD 30 HM100UI/ML 1*1,Non catégorisé,1400,0,0,,,E84FAD45-38D5-4CDE-840B-C3A673EC2C8F
719,ANAFRANIL 25MG TAB B/30 DR,Non catégorisé,1200,1250,9,1/7/2027 12:00:00 AM,,37B00207-B417-4716-95D8-C3CED20C1387
493,HYDROSOL GTT POLYV 20ML,Médicaments,650,900,20,1/8/2027 12:00:00 AM,,A3CC8581-A380-4DCF-8948-C3EF84E877DA
584,UTROGESTAN 100MG CAPS BT30,Médicaments,1900,0,0,1/6/2027 12:00:00 AM,,7F6DB390-B576-4DA6-96A6-C3FCA1F4542A
500,JUVAMINE  FIZZ GOLD CPR EFFB/30,Non catégorisé,1400,0,0,,,781A4913-F0DC-4A20-9521-C3FEA2BFDB08
1037,OLIGOBS CROSSESSE,Vitamine,0,3550,5,,,A79471B6-92D8-420C-B33F-C40CBC3E5EBA
540,OMIX LP 0.4MG GEL B30 ( TAMSULOSINE ),Médicaments,2450,2600,4,1/12/2026 12:00:00 AM,,E2A3746F-1270-4A37-AA5C-C439516A5CF5
528,NEXIUM 20MG 2800,Médicaments,1400,1500,0,1/10/2026 12:00:00 AM,,72C244A1-0B86-4A48-BF00-C43EEAF52089
1021,LACTISYR 300ML,Para-médical,1350,1450,12,,,CC5040C9-136E-4803-9C7C-C46CFDA51C99
594,CHLORIDE DE SODIUM 500ML,Non catégorisé,350,0,0,,,9B4CCE07-161A-43DF-B611-C4718621006C
42,TERBINAFINE MYLAN 250MG 14 CPR,Médicaments,2250,1600,4,1/3/2028 12:00:00 AM,,97381312-9231-4649-81C9-C4E5B17BDE97
818,URINOIR PORTABLE POUR HOMME,Non catégorisé,1150,1000,10,,,49F99BE7-2BDA-4B44-927B-C5027D5E62A5
609,dermo,Médicaments,1000,1500,2,,,BBA3FE07-5F76-49DA-856F-C52BFCB8DEC9
1042,FLUOXINE 500 MG CPR B10,Non catégorisé,600,700,45,,,2F99BB96-BA3B-456F-86B2-C55FD812D112
1161,ADEPAL CP BT 21,Médicaments,0,700,9,,,302726A1-DD02-4AFF-A089-C56FBDE5C615
1336,R9035,Non catégorisé,0,350,12,,,94240E6E-D050-4832-8465-C58F451B69D2
1175,EFFERALGAN SIROP,Non catégorisé,600,0,0,,,B81D7787-FC11-424D-B303-C5943F2FD0E1
524,MIKOSTATIN 48 ML ORAL SUSP ( MYOCOSTATEN ),Non catégorisé,900,1200,27,1/12/2026 12:00:00 AM,,81385D68-8A03-437D-9671-C595D381DA00
668,EFFERALGAN 500MG VIT.C CPR EFFET,Vitamine,450,500,0,1/9/2027 12:00:00 AM,,F40158D8-F15C-4CA4-9FC1-C5AA10C8F3F5
603,CEFTRIAXONE MYLAN 1G/10ML IV,Non catégorisé,1250,0,0,,,47A1EE99-039F-45C2-9EC2-C5CF0F2C8E30
632,HCG 25 TEST,Para-médical,100,250,125,,,B55AEF92-C853-4B74-97DA-C5FB1B1BFF22
505,JUVAMINE VITC 1G CPR EFF/30,Vitamine,1100,1150,20,1/6/2028 12:00:00 AM,,7BCD841C-F783-437B-9200-C617ED01ADBD
1038,OLIGOBS PROCREA F,Vitamine,5400,5500,6,,,C9672B07-ED32-42D2-80D4-C62F7940A263
1169,MOPRAL 20 MG 14 GEL,Médicaments,0,1300,0,,,B53D568E-F491-424B-B89A-C6780C6FC409
11,DUPHALAC SOL BUV. FL200ML,Sirop,550,650,29,1/4/2028 12:00:00 AM,,444D0A89-FD15-4CC1-8F18-C682D4C51646
503,JUVAMINE FIZZ 11VIT+7MIN/30,Vitamine,1050,1200,10,1/7/2028 12:00:00 AM,,962A2553-6EF6-4007-A2E2-C699F133DC18
404,AMARYL 4MG 30TB,Non catégorisé,800,1200,5,,,6FFFF0C4-838F-4F67-884E-C6A7C0C342DC
680,APEXIME SUSP FL 15ML,Non catégorisé,1200,1250,0,1/7/2027 12:00:00 AM,,8F330CD8-76BE-48E1-AD9A-C6CADBBD5428
867,BPH CREME ILLUMINATRICE  VITAMIN C 50Mg,Non catégorisé,1009,1500,6,,,88102D8E-6148-4DCA-9BE4-C6D1D38C79FF
695,AUGMENTIN PDR NOUR 100MG 60ML,Non catégorisé,1650,1150,0,1/10/2026 12:00:00 AM,,B3C15BCE-8ADA-4AB0-9315-C751E2F36DDD
1279,DOLIPRANE 200MG SACHE BT12,Sachet,400,500,12,,,4F239129-0E42-44E1-A6F9-C771A4FD551F
651,DONORMYL CPR SEC EFF B10,Médicaments,1500,1650,0,1/7/2027 12:00:00 AM,,A029913B-6BAF-4F9E-A474-C774FF4C963D
176,EFFERALGAN 300MG SUPPO 100,Médicaments,400,450,10,,,41573CA4-7C67-4688-BA25-C78A53709537
738,NAUSELIB CPR B36/12,Non catégorisé,1100,1150,2,1/9/2027 12:00:00 AM,,179A5FB9-780A-4102-9D3A-C79D02D6C156
1343,TERRAMYCIN 5MG,Non catégorisé,0,1050,4,,,45CFEC03-1E0A-41CC-9704-C7EDC484A6D4
84,BACTRIM PED CPR BT20 DR,Non catégorisé,0,0,0,,,961E2B43-99A4-4C22-A3BE-C7FF4D1D8FAF
618,ONCEAIR - MONTELELUKAST 4 MG PED 28 SACH DR,Sachet,1450,1800,5,,,1AE13643-6E14-4E02-8EF9-C80CD092FA96
736,IBEX 200MG GEL B24,Médicaments,400,450,30,1/3/2028 12:00:00 AM,,C9CF16B7-0095-49A7-95B6-C80DEE7B895E
765,METOCAN INJ 2M (PRIMPERAN),Sirop,200,250,30,1/2/2027 12:00:00 AM,,69E6CFDF-FFC3-4E95-BDD8-C8255D769D1B
193,DAKIN COOPER SOL 250ML,Para-médical,550,600,19,,,F512D6D7-E666-425E-86A1-C835CAAF2250
421,AUGMENTIN 500MG CPR B/16,Non catégorisé,1700,0,0,,,265CFCC0-CF7E-4B17-A879-C94DA3CAA8FC
331,STERDEX POM  OPHT,Pommade,1060,1250,6,,,4805EF60-7D11-40BE-A89E-C9BA11C2BB69
972,ATORVASTATINE CRIS 40MG CP B30,Non catégorisé,1100,1800,24,,,EE6C05B9-46F1-4BDA-AAAB-C9BFFF4D9996
769,FLUCIDINE 2% CREME TB 15G FR,Non catégorisé,750,800,7,,,940CC05E-343E-4E52-978F-CA0C8F5AAC7E
1269,OMEECAN(OMEPRAZOL INJECTION 40MG),Non catégorisé,400,450,40,,,BE2482BB-A576-401E-AE62-CA497C8C2448
1218,CRESTOR 20MG TAB28,Non catégorisé,1550,1650,6,,,8D3C4983-3580-44FC-BEBF-CA858D9FCF51
511,LARGACTIL 25MG CPR BT50,Non catégorisé,950,1050,9,,,3849AC8E-578D-4E94-AD05-CAA97F0C6AFA
92,ANAFRANIL 25MG TAB B/30,Non catégorisé,0,0,0,,,F69D4668-1101-4854-AC02-CB5767CFD8B0
438,CALIRA 10MG B/28 (FORXIGA),Non catégorisé,2850,3500,10,,,DF55C010-4D9D-47C7-8B66-CC0C04711F56
371,PREGNACARE HIM &HER CONCEPTION 60 TABS,Non catégorisé,1680,2300,5,1/12/2026 12:00:00 AM,,73EC1A31-CC8A-41B7-9435-CC684ADBC7CC
583,TRES ORIX FORTE SRP FL100ML,Sirop,750,850,33,1/6/2028 12:00:00 AM,,8811BF28-2C79-400B-A516-CCBC41505742
1149,DIAMOX 250MG,Médicaments,1400,1450,4,,,5E3720F4-9C5B-4865-A3D1-CCBC614E55A7
851,EVOLUDERM LAIT EXTRA FORT BLEU POMPE 500 ML,Non catégorisé,990,1300,6,,,748AE9B5-783B-49AA-9BD8-CCF89902682F
366,CETAMYL 500MG B/20CPS,Non catégorisé,170,250,3,1/9/2028 12:00:00 AM,,BDC14DA9-022E-4740-B270-CD9833D69B95
1117,sussina,Médicaments,0,1450,14,,,5195A44D-A2C6-4274-990C-CDA57BA9419B
639,FORXIGA 10 MG TAB BT/28 ( DAPAGLIFLOZIN),Médicaments,5500,7600,9,1/4/2027 12:00:00 AM,,F69B771F-15FA-427D-B66C-CDAD103F504B
1164,FLIXON 125 MCG 120 INHALER (FLIXONASE),Médicaments,1350,1450,10,,,9352FA1D-6141-46C2-AE38-CE14E90C11B4
746,ZENTEL SUSP BUV 10ML 4%,Sirop,700,750,89,1/10/2026 12:00:00 AM,,256E12B9-E3DC-42FD-B753-CE2D173CEECC
480,FRAKIDEX COLLYRE FL5ML,Collyre,550,650,4,1/8/2027 12:00:00 AM,,8ED9FE90-ECF5-4A42-975E-CE4735172FEE
205,BANDE GAZE LABELL 3MX10CM BOITE DE 10,Non catégorisé,770,850,0,,,34E77D82-8D35-4239-962C-CE728C812ABA
1313,ARTAN 5MG,Médicaments,0,900,0,,,5FF5D2F9-F671-43B3-AABD-CE958C079777
690,COQUELUSEDAL SUP NRS B/10,Non catégorisé,650,800,0,1/3/2028 12:00:00 AM,,38A00DFC-8289-40C8-837E-CE9B13CA743A
1200,GAVISCON SUSP BUV NOUR SIROP FL150ML,Sirop,850,1000,5,,,9F8C66AD-3E4D-4D87-AF35-CEA66FF0AE99
328,OMEXIS INJ 40MG,Non catégorisé,500,650,0,,,ABDF26C9-DBD4-4EA2-8425-CECAD05A7FE4
1034,RICHFER CP BT 30,Vitamine,0,1150,2,,,2D4E55EE-F565-4202-AE5F-CF10C5AC1940
267,AUDISPRAY SOL AURICUL SPR50ML ADULTE,Non catégorisé,1800,1900,1,,,FCCC01E8-F9F7-4AE4-8E8E-CF28263BD0AB
837,NEW CHICCO WIPES 72PCS WITH FLIP COVER,Non catégorisé,909,1010,6,,,299E355E-DCF7-4787-819A-CFFDE3C618A6
850,EVOLUDERM HUILE DE CAROTTE FL 100ML,Non catégorisé,629,900,6,,,51291AA6-CD15-4255-9A1A-D000EC42A0FC
97,ANTADYS 100MG CPR BT15,Non catégorisé,0,0,0,,,4AB81301-3770-4898-A5C4-D08848C0AE25
445,CHIBRO-CADRON COLLYRE FL5ML,Collyre,650,750,0,,,6FC52925-8D25-4B78-8331-D0ABBAF61621
1238,HOLYBION INJ 2ML AMP ( BECOZYM ),Para-médical,150,200,262,,,6DFBBA97-EE02-45DC-997B-D0B68EA21F7B
854,BPH LAIT CORPS AVOINE SOOML,Non catégorisé,1010,1500,6,,,9B006C4A-BF0C-4048-891B-D0E9F647BEF2
1261,AKTIV THYMEPECT  SIROP,Sirop,0,2000,2,,,051E3D20-53FA-4CF3-BD52-D1033F95761B
673,CETRYM 10MG B/20 ZYRTEC,Non catégorisé,850,900,2,1/6/2027 12:00:00 AM,,5B5A0FF1-9416-43D8-BDEA-D13328592793
1201,VITABACT COLLYRE 10ML,Collyre,1700,1800,8,,,24419C43-AF3A-494C-83F2-D1362515E668
599,MICRO-FINE SERINGE INSULINE S30G /10,Non catégorisé,500,0,0,,,F8B785C5-7213-4043-8037-D143E47F13EB
733,AMLODIPINE MYLAN 5MG 30GEL,Non catégorisé,1200,1250,0,1/5/2028 12:00:00 AM,,0B64E2BA-2C43-4DBA-874E-D18161BFDCBA
887,EVOLUDERM ANTI-IMPERFECTION SOIN SOS BOUTONS TB 15ML,Non catégorisé,909,1250,5,,,01D8C0A4-FA9D-4515-BD1F-D194B86C6AE8
1136,AKTIV SELEN,Non catégorisé,950,1050,3,,,79C59A0F-CC09-41C1-8F9B-D1F7E55652DE
571,TANGANIL CPR 500MG BT30,Médicaments,1450,1700,7,1/5/2028 12:00:00 AM,,D55F0BBC-B2BA-4170-90DB-D20D7F31F2AB
995,TOBREX COLLYRE FL/5ML,Collyre,690,1250,4,,,1225ED21-5803-4649-8743-D23E6FD9C44A
44,BETADINE SOL 10% SOL.DERM.FL 125ML,Dermo-cosmétique,550,650,0,1/3/2027 12:00:00 AM,,0A026E34-6938-4AB2-866E-D24F485F9BB3
415,ASTAPH 250MG20000000,Non catégorisé,1200,0,0,,,E9FB4463-7247-4BEE-843A-D2C2150CC534
1079,GOLGATE HERBAL,Para-médical,0,600,12,,,7B15BE68-21F2-40D4-BFDB-D2F149EE1291
1051,Kétoderm 2% créme,Crème,1050,1150,6,,,017B8A2D-207B-47C8-A50F-D31447E1332B
433,BI-PROFENID 150 MG 10 TB DR10,Non catégorisé,1100,1150,10,,,5F97436A-B7A6-453A-A508-D31583A34844
284,NEXIUM 20MG B28 GELULES,Non catégorisé,1250,0,5,,1250000,FDEFEBE5-E211-49EA-AAED-D353F86E9F8C
1112,coveram 10/5 mg,Non catégorisé,0,1600,2,,,BC42011F-A755-4D2A-852F-D3DE1C0EF412
347,RIVAMOX 250MG SUSPFL100ML,Non catégorisé,400,500,72,,,9B4E1CA8-9441-4334-A495-D40C630BAA1E
994,ALPHAVIT SIR 120ML MULTIVITAMIN,Non catégorisé,900,1050,0,,,99A45909-D22E-41D4-A414-D4CC22C8F79D
1331,R8762,Non catégorisé,0,600,11,,,55D98994-024C-48EF-85DF-D519D4E6067E
13,FLUDITEC 5% SIROP ADULT,Sirop,750,850,3,2/1/2026 12:00:00 AM,,E531A95E-816D-470D-9DC4-D56EBC41E299
517,LEVOTHYROX CPR SEC 75MCG B30,Non catégorisé,550,0,0,,,583139B6-6130-425E-9A3B-D58F71512261
897,EVOLUDERM LOTION TONIQUE PM/PG FL.250ML,Non catégorisé,511,760,6,,,3C189504-9352-4DC7-9D9D-D5A24469EE79
386,BUTAMYL INHALER 100MG/200 DOSES,Non catégorisé,560,610,2,1/7/2027 12:00:00 AM,,32F6BF35-E958-4ED6-A153-D5AD00C3897D
543,OTOFA SOL. AURIC. FL10ML,Para-médical,1050,1000,7,,,FA5660FE-3E6C-4F4E-A26B-D5BB60158367
1306,PICOT GEST 1,Lait,0,2900,12,,,20981EC1-4DC4-4A2F-A1B4-D5D9D712897B
1119,AKTIV CONCEPTION FOR MEN,Non catégorisé,2200,2300,5,,,8305D9C6-543A-40A9-8B1C-D630F6AC9B46
968,ZENTEL 400 MG CPR B/1,Médicaments,600,700,100,,,5F5022FD-7F0C-4E13-AE6F-D65320B96765
591,ZYLORIC 300MG TAB(EGY),Médicaments,600,700,0,1/9/2027 12:00:00 AM,,2C34C6EF-A963-43A2-B30C-D71A4C1989C6
1224,KNEE SUPPORT SBK 4677,Non catégorisé,600,700,1,,,A4E87E25-4D2D-4CCB-890C-D72F1707609D
1167,IBUPROFEN 20MG/ML SP FL/200ML,Sirop,0,950,5,,,7B3D93AA-4200-4E49-A42B-D764687C39AF
1069,VOLTARENE 25 MG,Non catégorisé,0,1250,1,,,B3FA36CE-64C6-417D-8BCD-D78575A75104
1027,DERMO-FINE 30ML,Non catégorisé,750,850,7,,,8FE01473-89F0-46D1-8455-D7FDEAE4B021
1276,DEXACAN (dexamethasone )INJECTION IP 2ML,Injectable,200,300,10,,,F56F229A-C713-48DE-975A-D80E5514FE43
1151,RISPERIDONE 2MG,Non catégorisé,0,3950,2,,,54EF80E3-F366-486E-B71C-D81084A22F72
694,AUGMENTIN PDR EN 100MG 60ML,Médicaments,1650,1700,0,1/4/2027 12:00:00 AM,,337E0AE1-FDF3-4AFD-B06F-D898EB51B31E
779,PEDIAKID TOUX SECHE ET GRASSE 125ML,Sirop,2410,2600,4,,,064A4C85-1B9B-4E3E-8BA4-D8A8C2B5DF9F
1193,FLIOCARIL JUNIOR FRUIT ROUGES 6 a13 ANS,Para-médical,0,950,12,,,3A6843D3-7CEE-4964-855F-D8DA6F716A02
536,NURABOL 4MG SP FL/125ML,Sirop,800,950,26,1/6/2028 12:00:00 AM,,F45AA00F-8947-432C-AB04-D910DA2CFD29
810,PEVAGINE  150MG OV B/3,Non catégorisé,1080,1150,1,,,2C630582-F014-4134-8241-D956006C14D9
1014,ELI LICE SPRAY 50mL Spray,Non catégorisé,0,2450,5,,,D61681EF-E8E6-4602-9C40-D9C1F4F3424B
384,BIOTIC PLUS 1GSACHET B/12,Non catégorisé,950,1500,12,1/2/2027 12:00:00 AM,,5370EA86-A53B-4F3D-9581-DA4A88A0049F
478,FLUCAZOL (FLUCONAZOLE) CAP B10,Médicaments,750,800,11,,,8C4AE8A9-2E3B-4F48-B69D-DA6DF1C2D285
659,BASSIN AU LIT  AV/COUVERCLE,Non catégorisé,1150,1150,0,,,65C92F8C-F5EB-4E6E-93CD-DA79D26FB1D4
1185,"GE ORAL 20,5",Sachet,700,800,9,,,B3571026-B4D8-4BC5-BCA3-DA7C95965D4A
86,XEROXYDINE CPR BT24,Non catégorisé,0,0,0,,,2FA65605-4E60-45AC-B77E-DA8B7E2CC7A8
1179,EAU DE MER ISO 100ML,Non catégorisé,2300,2400,10,,,4B815BFB-31B0-4064-B2BB-DA94F796536E
671,BACTRIM FORT CPR BT30,Non catégorisé,1100,1200,20,1/4/2029 12:00:00 AM,,D66EBD5C-C40C-421F-B678-DAB1B3E69CF5
164,CLOTRI-DENK 1% CREAM,Crème,950,1000,5,,,199C5174-826B-4265-8C7A-DABE9DBCF25A
809,DOLIMEX  PARACETAMOL SACH 300MG/12,Non catégorisé,330,400,0,,,9EF93611-2131-4373-A317-DB244A9CC105
1101,CHICCO ACQUA DI COLONIA,Non catégorisé,1280,1380,6,,,7F291336-AE5C-4986-898B-DB2DFDE22EBB
463,EFFERALGAN 300MG SUPPO. ENFT BT10,Non catégorisé,400,0,0,,,503E53F2-655C-4FAD-9D41-DB4E4BCD4E10
231,EXOMUC 200MG SACHET 30 SANS SUCRE,Non catégorisé,1090,0,4,,1090000,C73B846F-EE0C-4ED4-A767-DB6763794241
1308,PEDIAKID VOMISEMT,Sirop,0,2600,1,,,1C5A92D1-FEF2-40B8-B873-DC1E38F462BB
523,MEGAMYLASE SROP 125ML FR,Sirop,780,850,4,,,0005ACB0-E35F-42DA-B048-DCB9116BE03B
1310,NEBULIZER  MASK,Para-médical,0,600,19,,,FC252A24-F954-412A-B797-DD07ABF5DD72
727,UTROGESTAN 100MG CAPS BT30,Non catégorisé,1900,1950,8,1/6/2027 12:00:00 AM,,5C13E5EF-638A-493C-AA99-DD2F8E5F74C3
237,OXYBOLDINE CPR EFF 24,Médicaments,810,950,10,,,7351719A-7A2B-4DCF-A101-DD2FD7FAA862
552,PAROGENCYL PREVENTIO BLANCHEUR 75ML,Non catégorisé,800,1000,10,1/12/2028 12:00:00 AM,,D9CCC35A-F2E0-4E60-9536-DD321F552FEF
490,GRISEFULINE 500MG CPR BT20,Médicaments,1150,1200,0,1/12/2027 12:00:00 AM,,A6ED9655-EE7D-40E7-8F66-DD762C888F7D
531,NORLEVO CPR 1.5 MG BT1,Non catégorisé,1200,0,0,,,E7683EDA-E6A8-4B5D-BCCC-DD7B5C3B7C3B
341,AKLOVIR 100 ML SUSP(ACICLOVIR ),Non catégorisé,1100,1200,8,,,BF2489DC-5B22-4BB4-AC49-DDE6F7B2E960
969,SYMBICORT TUBUHALER 200/6MG,Non catégorisé,5600,5800,4,1/2/2027 12:00:00 AM,,890BF9F6-3314-4A22-814E-DF4B5E905940
859,BPH FAMILY APR SHAMP. COCO CHEV. COL 400ML,Non catégorisé,523,780,6,,,5E7C7396-96F3-458B-8ABA-DF8F3541F63D
520,MAALOX A CROQUER BT 40,Médicaments,700,750,0,1/7/2028 12:00:00 AM,,E8688DB0-81DD-4FE7-BC27-DFC6CDEF1091
63,KUVESTEROL ADEC FL10ML,Non catégorisé,0,0,10,,,98608E03-53FE-4C94-B334-DFD7BB693FCD
717,ARTANE 5MG CPR BT20,Non catégorisé,800,950,10,1/2/2028 12:00:00 AM,,F6CD824A-D5D5-402D-98D9-DFEDE353607B
311,PARACETAMOL INJ FLACON 10MG/ML - 100ML,Non catégorisé,300,0,100,,300000,2377396E-DCA0-449C-968A-E00FFDD23F6C
940,snake venom antiserum,Non catégorisé,3430,0,1,,,C301ECAC-47A3-4331-A45D-E07E60E0919D
1150,RISPERIDONE 1MG,Non catégorisé,0,2500,2,,,6B54FCDF-6078-4B40-B6F0-E126BC7264AC
1244,VENOFER INJ,Para-médical,0,1560,36,,,7424B03B-E301-488E-93ED-E175FD2DFC03
943,"Nastispray 0,15 mg public bucc",Non catégorisé,1730,0,5,,,6501CECC-38E1-4F27-980E-E1C8F8E7AE87
1242,NOBACTER SAVON PAIN,Para-médical,1250,1350,24,,,DB54894E-3DA9-4724-9164-E28D0998EA5C
38,AMLOR 10MG GELULE BT30,Médicaments,1450,1750,0,1/8/2028 12:00:00 AM,,2697E9FA-B6CC-4EA2-9F5E-E290038572BF
322,CHLORURE DE SODIUM SOL PERF 500ML,Non catégorisé,250,350,39,,,BFBEFFE6-8F36-46EB-9928-E2DCF0540105
1332,R2852,Non catégorisé,0,450,12,,,B513186E-1AD9-4150-B20B-E2F5A4372467
883,EVOLUDERM GEL DOUCHE DELICE DE KAN SOOML                                                                     d,Non catégorisé,659,980,3,,,751CFC9B-19E4-45CA-B073-E325F5398E1F
258,GLUCOVANCE 500MG/5MG CP B/30,Non catégorisé,1420,0,4,,1420000,7F077FD6-07C1-4FF3-B396-E33529BAF76A
979,CRISTAL SUPPO NOURRISSON  BT/10,Non catégorisé,500,600,13,,,BCD90F28-CC07-4752-AA79-E3902C98B2D0
626,BEROCCA CPR EFF B10,Médicaments,2350,0,0,1/6/2028 12:00:00 AM,,2C81BA60-9ACD-4D8D-B3D4-E3CE93019D23
740,FERLIX B12 SUSP BUV FL200ML,Sirop,600,700,20,1/8/2026 12:00:00 AM,,6C89B572-54FE-4F87-A82A-E3F39E2ABAAA
797,PEDIAKID GOMMES MULTUVITAMINEES 60 OURSONS,Non catégorisé,2410,2510,0,,,706EEEA1-8DA2-468C-B036-E44A608A79C3
835,TEATS PERFECT 5 6M+FOOD SIL 2PCS,Non catégorisé,1364,1470,6,,,E044AAF9-EEED-4142-BD22-E4616E66F8EE
109,,Non catégorisé,0,0,0,,,9425A56D-54CA-451B-8389-E48C56D6954A
529,NEXIUM 40MG 28 TAB,Médicaments,1750,1850,54,1/7/2027 12:00:00 AM,,813AE135-3479-42B8-9C97-E4BCD5FF634F
974,DAFLON 500 MG CPR BT/30,Non catégorisé,1500,1600,8,,,DD8A1985-BE18-4834-851A-E4C70CB302E4
619,CLAMOXYL 500 MG BT/12,Non catégorisé,450,650,65,2/8/2026 12:00:00 AM,,C6C7A28A-7A03-4978-A677-E56E0180444C
784,DOPPELHERZ AKTIV HAEMO VITAL 30TAB,Médicaments,1130,1200,3,,,A846B882-32E4-4E25-ACE3-E5F626D2EA93
1114,KETODERM 2% CREME,Crème,0,1150,10,,,8DEBCA7D-F501-4938-9193-E5F7FBDED4A0
547,PARLODEL CPR 2.5MG BT30 DR,Non catégorisé,1200,1200,11,,,55C9004A-F788-4CA1-B7AF-E620AF669F40
265,LEVOTHYROX 75CG SECABLE B/3,Sachet,550,650,22,1/2/2027 12:00:00 AM,,391C15E8-2BA2-49C4-AD6D-E63198781392
743,TARDFERON 20MG/ML NOUR FL/45ML,Médicaments,850,900,5,1/12/2026 12:00:00 AM,,DB5172BC-D0AB-4081-922C-E64028669CF6
1345,VITAMINE B12,Vitamine,0,2900,9,,,3A8BABB2-65A9-436E-AEFD-E647EFADBAB8
657,MEDICAL CHAIR,Non catégorisé,12000,13600,1,,,FA84F440-3E45-4BE8-9361-E6A8BF8E1EBE
245,AERIUS 5MG CPR 30,Non catégorisé,1430,1900,2,,1430000,A258C5FD-9C2B-4CAB-ABF0-E6B35F48F8B5
812,PROFENID SUP 100MG BT12,Non catégorisé,730,780,2,,,32C3D3F6-1AA3-439D-9441-E6BA39407915
1289,VALSARTAN MYLAN 80MG 30CPS,Non catégorisé,1380,1500,5,,,BC68D317-A52C-4759-8510-E6C38B4EB295
403,AMARYL 1MG 30TB,Non catégorisé,550,0,0,7/5/2026 12:00:00 AM,,E29FB401-BB5A-403B-A60C-E760F5DA3D83
703,TARDYFERON B9 CPR ENR BT30,Médicaments,1550,1600,17,1/1/2027 12:00:00 AM,,FF7A306D-9A01-438F-83F5-E7A92D3821C2
107,BETAMETHASONE 0.5MG CPR,Non catégorisé,0,0,0,,,61A3F1D4-E53A-4AB5-9256-E7B2C7FE373C
637,PROSTALEN ( ALFUZOSINE HYDROCHLORIE) TAB,Médicaments,2450,2550,0,1/10/2027 12:00:00 AM,,A9F11990-FEFC-4A6A-A757-E7BE628C323A
1219,CO-AVAZIRE  0.3%,Non catégorisé,0,950,6,,,BBECFB9F-F867-4199-9086-E7CD8F5A2FAB
52,AMOXICILLINE CAP 500MG,Non catégorisé,0,0,5,,,06841607-EE39-4785-8CC8-E8635284307A
390,NEOMOX 250 MG  PDR60 ML (CLAMOXYL ),Non catégorisé,320,500,0,1/7/2026 12:00:00 AM,,8ECFA0E6-803F-4DEE-9A5A-E875347B6AA2
1239,APIDONE BUV 125ML,Sirop,0,750,11,,,A3EEE26F-656E-485D-99C5-E88BE86BF6C8
378,INONGAN PDE TUBE 55G,Non catégorisé,250,0,0,1/10/2028 12:00:00 AM,,6581BC53-E3A0-49D7-B989-E8974443C47C
927,FW BLACK SOAP PURIFIANT 200 GR.,Non catégorisé,874,1250,6,,,4DA4A396-0327-4268-B7B8-E8BC39FEF6E9
94,PARACETAMOL 500MG CPR BT20,Non catégorisé,0,0,0,,,8F7AEC68-CFA6-480E-A12B-E8FD648680AD
945,plavix 75 mg cp,Non catégorisé,1730,0,0,,,A523CDE7-14E7-4B96-A9A9-E922F82FB68E
881,EVOLUDERM LAIT CORPS HUILE PRECIEUSE POMPE 500 ML,Non catégorisé,660,980,3,,,EE256B65-43B3-4732-A022-E95D3E429E01
23,TADALAFIL MYLAN 10MG 4 CPS,Médicaments,600,900,10,1/6/2028 12:00:00 AM,,482D9098-7940-4E86-88E4-E996B6539110
701,CROSSCAL 250MG 250UI-5ML,Non catégorisé,1300,1350,0,1/6/2027 12:00:00 AM,,10C86A2A-265F-425E-BE4F-E9F9FBD1E774
900,FW GOLD ULTIMATE ARGAN SAVON GOMMANT 200G,Non catégorisé,875,1300,3,,,271339A3-5750-464B-8476-EA4A308AB956
482,GEL LARMES 10,Non catégorisé,1100,1200,9,,,42404FE5-1D1C-457E-9630-EA900AB5BA3B
957,THERMOCY KNEE SUPORT WITH FLEXIB 3XL,Suppositoire,6970,7100,1,,,69E1456C-DE69-4A33-BCD1-EAB2C180F384
773,EOSINE SOL 2% COOPER 50ML,Non catégorisé,680,780,7,,,BA65108D-39A5-4CEF-82E0-EB2EF2F8B1CC
751,PARACETAMOL INJ FLACON 10MG/ML-100ML,Médicaments,300,350,99,,,BCEFB631-BC1A-40A2-89EB-EB598111FD3B
871,FW SAVON GOMMANT ALOE VERA 200GR,Non catégorisé,874,1250,5,,,533D9E5E-4EF0-4A2C-BB06-EBBD385216B5
1033,SÛSSINQ,Non catégorisé,0,1450,0,,,4DF49756-CA4E-4D92-88EB-EBC22E541808
865,BPH SERUM ANTI-TACHES NIACINAk\IDE SOML,Non catégorisé,1212,1800,6,,,BE0A1E95-1755-462A-A251-EBC60D7BFD28
991,VIRECTA (EGY) BT1,Médicaments,400,500,24,,,90F9BB24-4124-4BFE-8DAC-EC127A998513
211,[DEXAFIN-2.5MG] DOXAFIN 2.5MG 150ML SYROP,Non catégorisé,750,0,5,,750000,8277487C-06EE-4148-B7E1-EC74F2B0B425
1230,diabetone original 30tabs,Vitamine,1200,1500,10,,,A2FFF4D3-8EBC-4B86-95AA-EC7604916380
376,CANDICID 150MG GELB1,Non catégorisé,200,600,49,1/2/2027 12:00:00 AM,,DB5FE705-CA9F-44A9-80C2-EC8D8A24C723
82,AZITRO 250MG BT8 DR,Non catégorisé,0,0,0,,,6F7D61D7-CBD8-4FE6-905B-EC93D73629CD
1317,DESLORATADINE 5MG,Médicaments,0,600,9,,,A5FDEDFE-1105-4413-B68C-ECC8B5E48802
750,ULTRALEVURE 200MG GELU BT 10,Non catégorisé,2700,2850,1,,,48868D6F-C9FF-4ADB-B039-ECDBFB7783B7
288,NOVORAPID FLEXPEN 3ML ENJ,Non catégorisé,9690,0,1,,9690000,C40EF94C-78CD-4AA6-9560-ED0376519645
1082,FUCIDINE 2% OINTMENT (DR ),Non catégorisé,750,850,0,,,A34E91BF-5FED-42AA-8B95-ED7787FCA112
55,EFFERALGAN 300MG SUPPO,Non catégorisé,0,0,3,,,AF0664DF-8B8B-49AD-B9CD-ED8E26AFD29B
545,OXALAIR 125MCG INHALER 120D,Non catégorisé,2450,0,0,,,DDAE3DAF-620D-48D5-82A8-EDED900244BF
789,DOPPELHERZ AKTIV NACHT-KOMPLEX CAPS BT/30,Non catégorisé,1050,1100,3,,,A2EC003D-477A-4304-9D6B-EE0AC7E2192D
428,BACTRIM SUSP FL/100ML DR,Non catégorisé,800,850,12,,,F08C226E-5F8E-4D4A-800D-EE17F3DD4311
446,CHIBROXINE 0.3%COLLYRE FL/5ML,Non catégorisé,950,0,0,,,A2B8DC42-EACE-4D99-BAFB-EE1EDD4BD58C
1173,SIMED OXIGENE,Non catégorisé,14000,14500,4,,,3769CDB6-DDA1-4182-B6E3-EEFD37834DF6
742,TARDYFERON 20MD/ML ENFAD,Médicaments,1450,1500,0,1/8/2026 12:00:00 AM,,6AD7E581-D88F-492E-B715-EF99CD3F938E
770,FLUCIDINE 2% OINTMENT DR,Non catégorisé,750,800,10,,,62D1B6D1-B4DA-4B20-8BC2-EF9DBCBEC784
76,BEROCCA CPR EFF B10,Vitamine,0,2550,7,,,D4D42D95-07D7-4AA1-B5F5-EFF066C68EB8
1009,COTON CODEX HYDRO LABELL ZIG ZIAG 100G,Non catégorisé,390,490,0,,,39C52952-9FB3-42EE-B50C-EFFB1EAEA3BB
1294,CHICCO NASAL ASPIRATOR PHYSIOCLEAN 0M+,Non catégorisé,2200,2300,12,,,E343D45B-E989-47EF-8FC7-F0B42EE57F2A
1126,AKTIV MEN ACTIVE,Non catégorisé,1300,1400,3,,,E86149BE-2FAD-4AF1-AA64-F0CFEB4E505B
521,MAALOX SUSP BUV FL250ML,Non catégorisé,700,0,0,,,35B54BEE-D36E-4425-A546-F0D93E8701CA
806,SEDERMYL 0.75 CREME 35G,Crème,770,930,3,,,1C62FE1E-6748-4D7F-9C77-F0FE88DA87D7
392,ACLAV  ENFANT 100MG /12.5MG SUSP 60ML,Médicaments,1470,1750,29,1/7/2027 12:00:00 AM,,B68DD053-4B17-4D3F-9304-F17B4F5E4C6C
280,VISCERALGINE SIROP 150ML,Sirop,850,0,0,,,C960BBE9-58BB-4106-97D1-F192E0693B93
123,BENDLE 400MG CPR BT 1,Non catégorisé,300,0,50,,300000,0E0ED8DE-137C-48B5-BE56-F1B333969A90
662,DISTEM CPR B50,Médicaments,1350,1400,4,,,418C8518-2C00-4645-B102-F1CA67DA8C5D
538,OFLOCET GTTS AURICULAIRE B20,Médicaments,2000,2100,18,1/12/2027 12:00:00 AM,,C7A70951-C2FE-44A2-AB86-F1F637AC1369
434,BRONCATHIOL SIROP ENFANTS FL 125ML,Non catégorisé,700,0,0,,,EC9416FF-E12A-47C8-B912-F1FB28926F6A
1006,DOPPELHERZ AKTIV CALCIUM+D3 15EFF,Non catégorisé,1000,1100,5,,,360490AB-1EA4-42D9-AA52-F234F96D64B2
292,ACTRAPID HM 100UI/ML,Non catégorisé,1450,0,0,,1450000,FA8A0331-7A46-4414-AC70-F26BC643AC2E
1054,Well babay LIQUIDE,Non catégorisé,0,1250,30,,,9F099128-22CA-4B89-9F0B-F27EB2659700
114,NOVORAPID FLEXPEN 100IU,Non catégorisé,3600,3700,4,,,8629C273-984B-4222-88FF-F2A34134D362
848,CLAMOXYL 500MG BT/12,Non catégorisé,500,550,0,2/27/2026 12:00:00 AM,,E2CD1526-1EA3-4E51-9F0C-F2A3C8B7676B
336,VITAM B12 GERDA250MGBT24 CPR,Non catégorisé,2600,2900,0,,,87CD7F4A-E0E6-45D3-910A-F2AC918E1BFF
986,OXYPLASTINE 46% 135GR,Non catégorisé,1050,1150,3,,,CA5E882F-F100-4400-A2B0-F3CD5C2D124B
484,GENCLAV 500/62.5MG PDRE SACH BT12 (ACLAV),Sachet,1450,1550,9,1/5/2028 12:00:00 AM,,EA751F82-1C65-46FF-B3A0-F3D5C9126EDF
111,ACTRAPID 40I.U/10ML,Non catégorisé,650,800,10,,,0C74483A-9A27-4AE8-B4DF-F40B60992476
383,MORIDIL creme 20G,Non catégorisé,200,650,3,1/10/2027 12:00:00 AM,,FA97B19F-5BC8-41E6-A9AE-F41324C7434C
394,ACLAV 500MG/62.5MG SACH B/12,Sachet,1650,1700,0,,,C3B1E780-D881-4EDC-B948-F4C95EE4CD3F
473,ESIDREX 25 MG COMP B/20,Non catégorisé,700,800,4,,,31E83EC7-1AAB-4AB4-B496-F52DC0262D9D
199,FUSIBACT 2% POMMANDE TUB 15G,Non catégorisé,700,0,10,,700000,51746F9D-CC0C-4ABB-A014-F53B62898DA1
1154,CHAMBER RABIR SARI  MEDIUM,Non catégorisé,1200,1300,2,,,CCC4DD73-4656-4703-AF9A-F5542E994EAA
578,TIMOPTOL 50 COLLYRE FL5ML,Non catégorisé,2500,0,0,,,1B393AE8-2A56-485E-BCBE-F5B62CE12C68
944,Mannitol infussion 100 ml,Non catégorisé,1280,0,0,,,50EB6FA6-5F77-42AE-94F0-F5D8C439F33D
909,BPH DEO. ROLL ON MEN 48H URBAN SWING SOML NEW,Non catégorisé,404,600,12,,,2296B628-2286-4816-9B86-F6145ECEBA74
656,MOBILE WALKER,Non catégorisé,5500,5500,1,1/1/2030 12:00:00 AM,,089BB764-0E54-41D1-8EA2-F62B68609263
993,NEUROBION COMP B/20 TAP,Vitamine,950,1050,13,,,4ADF0EA6-FDCF-4175-8245-F636E68AA8E9
722,DOLIPRANE 500MG CPR BT16,Non catégorisé,400,450,0,1/4/2027 12:00:00 AM,,8232DC79-07F3-48C8-B055-F65147A1E12A
182,FUCICORT 20MG/1MG TUBE DE 15G,Médicaments,1100,1200,10,,,38873A70-4D40-4075-88D8-F6734F84A782
1047,SECTRAL 200 mg cpr bt90,Non catégorisé,5800,5900,0,,,C07FE0B9-55D1-4FFB-AF81-F688A618B077
934,BPH CREME MAINS REPARATRICE ANTI-AGE Q10 150ML,Non catégorisé,525,780,6,,,5FD6D674-88BE-4CF0-A170-F6CE5600F580
1228,IPP 20MG GEL B28(OMEPRAZOLE),Médicaments,950,1050,4,,,B1E0F65F-9322-45CD-A0CA-F6FA865BCFF0
916,"EVOLUDERM MASQUE VISAGE, ARGAN TB 150 M",Non catégorisé,606,900,6,,,9A9A1BDA-B514-4DE6-A71D-F71A628B629A
46,APEXIME SUSP FL 15ML,Non catégorisé,0,0,0,,,E8DAF471-1F4A-40C7-9827-F7345E904108
664,MAXIDROL COLLYRE FL3ML,Collyre,700,800,0,1/8/2026 12:00:00 AM,,3A2D4627-8B52-462F-9F86-F7357E343981
1041,vermox 100mg CPR BT 6,Non catégorisé,450,600,15,,,08C9BD5B-8824-4460-9C32-F763968DB71C
1290,VALSARTAN MYLAN 160MG,Non catégorisé,1300,1400,5,,,968B7559-6627-48C9-BA05-F7F8A466B987
489,GRISEFULINE 250MG CPR BT30,Médicaments,950,980,0,1/1/2029 12:00:00 AM,,4DACFB4F-A89D-4250-A1AC-F80261D314C1
791,GRANIONS CHONDROSTEO COLLAGENE MARIN POUDRE 280G,Médicaments,6660,6760,2,,,E581B2FB-0E31-4307-B843-F83C37DC7DC4
879,EVOLUDERM LAIT CORPS DELICE KARITE POMPE 500 ML                                                                    p,Non catégorisé,660,980,3,,,353FC163-F8B4-4703-8447-F8721665945A
238,SPASFON 80MG CPR 30,Médicaments,870,950,5,,,16E1ED19-459C-4A1E-B28E-F87D64A44CE9
880,EVOLUDERM LAIT CORPS ARGAN POMPE10ÔTïIC,Non catégorisé,660,980,3,,,D3F6A764-14D4-4C72-A5D2-F89FF8D057A4
1340,SLEEPY ROSE,Non catégorisé,0,400,12,,,601DEBE5-D1E9-44AC-A9EE-F8C9492E930E
882,EVOLUDERM GEL DOUCHE ARGAN DIVIN SA,Non catégorisé,659,980,2,,,5C762F70-44E6-46E7-A40F-F8D72C6061B9
838,NEW DELICATE WIPESS 72PCS +FLIPCOVER,Non catégorisé,909,1010,6,,,CAEBABAE-1D96-4CB3-A07B-F9143FD32C1A
303,PEDIAKID PROBIOTIQUES-10M ETUI DE 10SACH,Non catégorisé,2470,0,2,,2470000,E09568C6-70B8-4552-B994-F96E6B775E6C
1088,CHICCO 2+,Para-médical,1440,2200,20,,,DB4ACD6C-6D02-41BB-A018-F9971EC4CF26
997,DELIX 2.5MG 28 TAB (RAMPRIL),Non catégorisé,650,750,11,,,385AA159-5CC2-43FF-8BC4-F99BE53AE0B3
407,AMLOR GEL 5 MG BT/30,Non catégorisé,1500,1600,10,,,CEB11725-4533-4635-AAEE-F9A7326342EE
243,LORATADINE VIATRIS 10MG CPR BT/15,Médicaments,850,800,10,,,5FDFC248-B31E-427B-A05C-F9A8D3B10749
156,GRANIONS COLLAGÈNE+ BEAUTÉ POT DE 275G,Para-médical,7250,7350,2,,,9B8B5CDD-8549-4999-8627-F9FDEDA47B86
502,JUVAMINE APPETIT&TONUS 200ML,Non catégorisé,1200,0,0,,,B6841DD6-A13D-47CB-9901-FA250442B395
551,PARODONTAX PROTECTION FLUOR GEL 75 ML LOT 3229,Non catégorisé,600,1300,7,1/2/2028 12:00:00 AM,,C952E0F3-4469-4F2B-B304-FA324B704DD2
1073,CHICCO DISINFETTANTE MULTI PURPOSE 0 M+,Para-médical,0,1650,12,,,AE90664A-F2E6-4469-BAD9-FA475C18F749
350,AUGMENTIN 500MG CPRB/16,Médicaments,1700,1800,39,1/5/2026 12:00:00 AM,,CFC1BE83-26EA-44B4-BB14-FA76A7031E4E
549,PARODONTAX BAIN DE BOUCHEFL/500ML,Non catégorisé,1250,1300,5,,,067F2646-0703-4EA1-92BA-FAC8F07C30A0
706,BACTRIM SUSP FL/100ML DR,Sirop,800,0,0,,,611637DB-203C-431E-A0A7-FADD4AD7973C
1137,FLUGEN  SIROP,Non catégorisé,0,450,5,,,77AEBFFA-796D-4708-965D-FAEEE5BE4043
183,DIPROSALIC PDE  T/30G,Crème,990,1150,9,,,DB9DBE5E-A56E-4A5E-8D16-FAF62B595CC2
310,ULTRALEVURE 200MG GELU BT 10,Non catégorisé,2700,0,2,,2700000,8B5A9DA6-30D0-4400-913A-FB68977A3CB1
128,GRANIONS VITAMINERIS IMMUNITE 30 CP EFF,Non catégorisé,3030,0,2,,3030000,73FD702C-C3C8-45D4-8F7F-FB9666C91925
688,VOGALENE 0.1 BUV FL/150ML,Sirop,850,1000,30,1/2/2027 12:00:00 AM,,D6B91624-3A91-44FF-9855-FB9E465C7B60
1104,ASTAPH 250MG SP F/60ML,Sirop,900,1000,10,,,CF0F2E1B-DAA7-41AB-BCF7-FB9EEF7F960F
60,DECONTRACTYL BAUME TB80G,Para-médical,900,1000,16,1/6/2027 12:00:00 AM,,804B7DCD-09BD-4DED-89D8-FBC1FDDE0574
1194,FLUOCARIL JUNIOR FRUIT ROUGES 6 a13 ANS,Para-médical,0,950,12,,,9A2C5C98-C56A-4A92-A1A1-FC21BB79821F
613,LOSARTAN MYLAN 50MG 28 CPR,Médicaments,1100,1400,9,,,5F6F26AA-26E8-4AD9-9E66-FC2906C6CDCB
852,EVOLUDERM LAIT ULTRA FORT ROUGE POMPE 500 ML                                                               p,Non catégorisé,990,1300,4,,,009DA160-73EA-4B11-A27C-FC665A29E460
1031,METRIN %5 30G,Non catégorisé,1250,1000,26,,,8AB594D1-0531-427C-9A30-FCA6CF0D82F1
1093,CHICCO 2+ PHYSIO,Para-médical,1200,1300,1,,,ECAC997E-727E-4745-8781-FCA8008DE43E
1016,DECONTRACTyl 80g,Non catégorisé,0,950,0,,,F7C5F130-419A-4DEC-91F4-FCC0576BEC11
721,DOSTINEX 0.5 CPR B/2 FRANCE,Non catégorisé,2550,2600,2,1/9/2026 12:00:00 AM,,92F7AE29-197F-42A3-BCC6-FCE0E7113522
253,PRIMOLUT-NOR 5MG CPR SECABLE 30,Non catégorisé,1650,1700,4,,1650000,BCD874E3-79D4-4FEC-B352-FDCCB8C558C1
332,BEROCCA ENERGIE ORANGE 30 CPE EFFER,Vitamine,300,3150,0,,,239D4E41-9913-4B58-B826-FDCDD8DE0796
1103,FEBRILEX,Non catégorisé,0,200,81,,,6CEEEC57-ADD8-46C2-B30C-FDF0A6A42C4E
716,CETIRIZINE MYLAN 10MG CAPS B/15,Non catégorisé,600,0,0,1/5/2027 12:00:00 AM,,089BF4AE-138C-44F3-99C7-FE04D464EB10
178,FUCIDINE 2% POM TUB 15G,Crème,750,850,0,,,99E756B0-90CB-4397-BDE8-FE18CF9B22F3
863,BPH CREME DEPILATOIRE ALOE VERA TB 125ML,Non catégorisé,760,980,6,,,110A553D-95D1-4F53-AF5D-FE34843441EA
712,OMEPRAZOLE MYLAN 20MG 28 GEL,Non catégorisé,1250,1300,0,1/11/2026 12:00:00 AM,,F80547EE-3591-4524-BCB7-FE7424AD6FDE
1145,ARNICAN CREME,Crème,0,870,5,,,C43AB944-CF77-4AFA-A9D4-FE82635CDA88
228,CIELLA 0.1% UNIDOSE B2028,Collyre,1280,1350,3,,,B4DFE675-E7D1-4C92-BDFF-FEF4170E2F14
1181,XALATAN COLLYRE 0.005%,Collyre,0,2300,17,,,5B352696-92F0-4CD7-84A2-FF6D6F8756FC
450,DEBRIDAT 100MG CPR BT/30,Non catégorisé,1350,0,0,,,2D1ECF79-D6C3-49CA-BC4F-FF86AECA2403
257,GLUCOPHAGE CPR 1000MG BT30,Non catégorisé,1100,1200,5,,1100000,72CE2ED1-1040-4FEF-8DB4-FFA056E0F875
1265,PICOT 1-1ER AGE,Lait,1200,1250,0,,,83A9C640-2D96-45F9-BD67-FFB57F19B435
1209,FORTYMOX MOXIFLOXACINE 0.5% COLLYRE 10ML,Non catégorisé,1100,1200,3,,,8AEBD01C-3FEB-45DE-9E14-FFB83AF97DB0
8,EFFERALGAN BB PEDIAT. BUV. FL90ML,Sirop,500,700,100,1/8/2028 12:00:00 AM,,D2A040BB-C8B4-4FDB-803C-FFE021D1FD76
1347,tegretol SUSP 100 ML,Sirop,0,1050,0,8/1/2028 12:00:00 AM,,4BDE58AE-1584-4E7C-8DA9-FFF3AC9D10A3
